{
  "preamble": {
    "program": "NuSMV-S",
    "prog_alias": "ltlfuc_sat",
    "benchmark": "Li-et-al-AIJ2020-benchmark"
  },
  "stats": {
    "/AIJ-artifact/LTL-as-LTLf/benchmarks/benchmarks/rozier/counter/counterLinear/counterLinear2": {
      "status": true,
      "rtime": 0.2,
      "clauses": 6
    },
    "/AIJ-artifact/LTL-as-LTLf/benchmarks/benchmarks/rozier/counter/counterLinear/counterLinear5": {
      "status": true,
      "rtime": 4.01,
      "clauses": 6
    },
    "/AIJ-artifact/LTL-as-LTLf/benchmarks/benchmarks/rozier/counter/counterLinear/counterLinear3": {
      "status": true,
      "rtime": 3.23,
      "clauses": 6
    },
    "/AIJ-artifact/LTL-as-LTLf/benchmarks/benchmarks/rozier/counter/counterLinear/counterLinear4": {
      "status": true,
      "rtime": 3.59,
      "clauses": 6
    },
    "/AIJ-artifact/LTL-as-LTLf/benchmarks/benchmarks/rozier/counter/counterLinear/counterLinear12": {
      "status": true,
      "rtime": 7.06,
      "clauses": 6
    },
    "/AIJ-artifact/LTL-as-LTLf/benchmarks/benchmarks/rozier/counter/counterLinear/counterLinear18": {
      "status": true,
      "rtime": 9.49,
      "clauses": 6
    },
    "/AIJ-artifact/LTL-as-LTLf/benchmarks/benchmarks/rozier/counter/counterLinear/counterLinear20": {
      "status": true,
      "rtime": 10.22,
      "clauses": 6
    },
    "/AIJ-artifact/LTL-as-LTLf/benchmarks/benchmarks/rozier/counter/counterLinear/counterLinear19": {
      "status": true,
      "rtime": 9.65,
      "clauses": 6
    },
    "/AIJ-artifact/LTL-as-LTLf/benchmarks/benchmarks/rozier/counter/counterLinear/counterLinear7": {
      "status": true,
      "rtime": 4.75,
      "clauses": 6
    },
    "/AIJ-artifact/LTL-as-LTLf/benchmarks/benchmarks/rozier/counter/counterLinear/counterLinear16": {
      "status": true,
      "rtime": 8.34,
      "clauses": 6
    },
    "/AIJ-artifact/LTL-as-LTLf/benchmarks/benchmarks/rozier/counter/counterLinear/counterLinear6": {
      "status": true,
      "rtime": 4.32,
      "clauses": 6
    },
    "/AIJ-artifact/LTL-as-LTLf/benchmarks/benchmarks/rozier/counter/counterLinear/counterLinear11": {
      "status": true,
      "rtime": 6.25,
      "clauses": 6
    },
    "/AIJ-artifact/LTL-as-LTLf/benchmarks/benchmarks/rozier/counter/counterLinear/counterLinear10": {
      "status": true,
      "rtime": 5.94,
      "clauses": 6
    },
    "/AIJ-artifact/LTL-as-LTLf/benchmarks/benchmarks/rozier/counter/counterLinear/counterLinear14": {
      "status": true,
      "rtime": 7.46,
      "clauses": 6
    },
    "/AIJ-artifact/LTL-as-LTLf/benchmarks/benchmarks/rozier/counter/counterLinear/counterLinear15": {
      "status": true,
      "rtime": 7.88,
      "clauses": 6
    },
    "/AIJ-artifact/LTL-as-LTLf/benchmarks/benchmarks/rozier/counter/counterLinear/counterLinear8": {
      "status": true,
      "rtime": 5.1,
      "clauses": 6
    },
    "/AIJ-artifact/LTL-as-LTLf/benchmarks/benchmarks/rozier/counter/counterLinear/counterLinear13": {
      "status": true,
      "rtime": 7.18,
      "clauses": 6
    },
    "/AIJ-artifact/LTL-as-LTLf/benchmarks/benchmarks/rozier/counter/counterLinear/counterLinear9": {
      "status": true,
      "rtime": 5.59,
      "clauses": 6
    }
  }
}