{
  "preamble": {
    "program": "AALTAF",
    "prog_alias": "aaltafuc",
    "benchmark": "Li-et-al-AIJ2020-benchmark"
  },
  "stats": {
    "/AIJ-artifact/LTL-as-LTLf/benchmarks/benchmarks/alaska/lift/lift_b_l/lift_b_l_8": {
      "status": true,
      "rtime": 0.023399,
      "clauses": 28
    },
    "/AIJ-artifact/LTL-as-LTLf/benchmarks/benchmarks/alaska/lift/lift_b_l/lift_b_l_9": {
      "status": true,
      "rtime": 0.022559,
      "clauses": 31
    },
    "/AIJ-artifact/LTL-as-LTLf/benchmarks/benchmarks/alaska/lift/lift_b_l/lift_b_l_6": {
      "status": true,
      "rtime": 0.012713,
      "clauses": 24
    },
    "/AIJ-artifact/LTL-as-LTLf/benchmarks/benchmarks/alaska/lift/lift_b_l/lift_b_l_10": {
      "status": true,
      "rtime": 0.031522,
      "clauses": 33
    },
    "/AIJ-artifact/LTL-as-LTLf/benchmarks/benchmarks/alaska/lift/lift_b_l/lift_b_l_13": {
      "status": true,
      "rtime": 0.029283,
      "clauses": 39
    },
    "/AIJ-artifact/LTL-as-LTLf/benchmarks/benchmarks/alaska/lift/lift_b_l/lift_b_l_16": {
      "status": true,
      "rtime": 0.087723,
      "clauses": 45
    },
    "/AIJ-artifact/LTL-as-LTLf/benchmarks/benchmarks/alaska/lift/lift_b_l/lift_b_l_4": {
      "status": true,
      "rtime": 0.010975,
      "clauses": 19
    },
    "/AIJ-artifact/LTL-as-LTLf/benchmarks/benchmarks/alaska/lift/lift_b_l/lift_b_l_11": {
      "status": true,
      "rtime": 0.057336,
      "clauses": 35
    },
    "/AIJ-artifact/LTL-as-LTLf/benchmarks/benchmarks/alaska/lift/lift_b_l/lift_b_l_18": {
      "status": true,
      "rtime": 0.065954,
      "clauses": 50
    },
    "/AIJ-artifact/LTL-as-LTLf/benchmarks/benchmarks/alaska/lift/lift_b_l/lift_b_l_12": {
      "status": true,
      "rtime": 0.041101,
      "clauses": 37
    },
    "/AIJ-artifact/LTL-as-LTLf/benchmarks/benchmarks/alaska/lift/lift_b_l/lift_b_l_15": {
      "status": true,
      "rtime": 0.042663,
      "clauses": 43
    },
    "/AIJ-artifact/LTL-as-LTLf/benchmarks/benchmarks/alaska/lift/lift_b_l/lift_b_l_2": {
      "status": true,
      "rtime": 0.005468,
      "clauses": 14
    },
    "/AIJ-artifact/LTL-as-LTLf/benchmarks/benchmarks/alaska/lift/lift_b_l/lift_b_l_14": {
      "status": true,
      "rtime": 0.046507,
      "clauses": 41
    },
    "/AIJ-artifact/LTL-as-LTLf/benchmarks/benchmarks/alaska/lift/lift_b_l/lift_b_l_3": {
      "status": true,
      "rtime": 0.008083,
      "clauses": 17
    },
    "/AIJ-artifact/LTL-as-LTLf/benchmarks/benchmarks/alaska/lift/lift_b_l/lift_b_l_7": {
      "status": true,
      "rtime": 0.015673,
      "clauses": 26
    },
    "/AIJ-artifact/LTL-as-LTLf/benchmarks/benchmarks/alaska/lift/lift_b_l/lift_b_l_5": {
      "status": true,
      "rtime": 0.020429,
      "clauses": 22
    },
    "/AIJ-artifact/LTL-as-LTLf/benchmarks/benchmarks/alaska/lift/lift_b_l/lift_b_l_17": {
      "status": true,
      "rtime": 0.060008,
      "clauses": 48
    }
  }
}