{
  "preamble": {
    "program": "NuSMV-S",
    "prog_alias": "ltlfuc_sat",
    "benchmark": "Li-et-al-AIJ2020-benchmark"
  },
  "stats": {
    "/AIJ-artifact/LTL-as-LTLf/benchmarks/benchmarks/alaska/lift/lift_b_l/lift_b_l_8": {
      "status": true,
      "rtime": 65.74000000000001,
      "clauses": 28
    },
    "/AIJ-artifact/LTL-as-LTLf/benchmarks/benchmarks/alaska/lift/lift_b_l/lift_b_l_9": {
      "status": true,
      "rtime": 77.47,
      "clauses": 31
    },
    "/AIJ-artifact/LTL-as-LTLf/benchmarks/benchmarks/alaska/lift/lift_b_l/lift_b_l_6": {
      "status": true,
      "rtime": 74.24000000000001,
      "clauses": 24
    },
    "/AIJ-artifact/LTL-as-LTLf/benchmarks/benchmarks/alaska/lift/lift_b_l/lift_b_l_10": {
      "status": false,
      "rtime": 7200,
      "clauses": 33
    },
    "/AIJ-artifact/LTL-as-LTLf/benchmarks/benchmarks/alaska/lift/lift_b_l/lift_b_l_13": {
      "status": true,
      "rtime": 73.17,
      "clauses": 39
    },
    "/AIJ-artifact/LTL-as-LTLf/benchmarks/benchmarks/alaska/lift/lift_b_l/lift_b_l_16": {
      "status": true,
      "rtime": 65.84,
      "clauses": 45
    },
    "/AIJ-artifact/LTL-as-LTLf/benchmarks/benchmarks/alaska/lift/lift_b_l/lift_b_l_4": {
      "status": true,
      "rtime": 78.17,
      "clauses": 19
    },
    "/AIJ-artifact/LTL-as-LTLf/benchmarks/benchmarks/alaska/lift/lift_b_l/lift_b_l_11": {
      "status": true,
      "rtime": 64.05000000000001,
      "clauses": 35
    },
    "/AIJ-artifact/LTL-as-LTLf/benchmarks/benchmarks/alaska/lift/lift_b_l/lift_b_l_18": {
      "status": true,
      "rtime": 69.35000000000001,
      "clauses": 50
    },
    "/AIJ-artifact/LTL-as-LTLf/benchmarks/benchmarks/alaska/lift/lift_b_l/lift_b_l_12": {
      "status": true,
      "rtime": 69.12,
      "clauses": 37
    },
    "/AIJ-artifact/LTL-as-LTLf/benchmarks/benchmarks/alaska/lift/lift_b_l/lift_b_l_15": {
      "status": true,
      "rtime": 64.26,
      "clauses": 43
    },
    "/AIJ-artifact/LTL-as-LTLf/benchmarks/benchmarks/alaska/lift/lift_b_l/lift_b_l_2": {
      "status": true,
      "rtime": 60.699999999999996,
      "clauses": 14
    },
    "/AIJ-artifact/LTL-as-LTLf/benchmarks/benchmarks/alaska/lift/lift_b_l/lift_b_l_14": {
      "status": true,
      "rtime": 77.9,
      "clauses": 41
    },
    "/AIJ-artifact/LTL-as-LTLf/benchmarks/benchmarks/alaska/lift/lift_b_l/lift_b_l_3": {
      "status": true,
      "rtime": 67.91000000000001,
      "clauses": 17
    },
    "/AIJ-artifact/LTL-as-LTLf/benchmarks/benchmarks/alaska/lift/lift_b_l/lift_b_l_7": {
      "status": true,
      "rtime": 61.96,
      "clauses": 26
    },
    "/AIJ-artifact/LTL-as-LTLf/benchmarks/benchmarks/alaska/lift/lift_b_l/lift_b_l_5": {
      "status": true,
      "rtime": 69.39,
      "clauses": 22
    },
    "/AIJ-artifact/LTL-as-LTLf/benchmarks/benchmarks/alaska/lift/lift_b_l/lift_b_l_17": {
      "status": true,
      "rtime": 68.57000000000001,
      "clauses": 48
    }
  }
}