{
  "preamble": {
    "program": "NuSMV-B",
    "prog_alias": "ltlfuc_bdd",
    "benchmark": "Li-et-al-AIJ2020-benchmark"
  },
  "stats": {
    "/AIJ-artifact/LTL-as-LTLf/benchmarks/benchmarks/alaska/lift/lift_b_l/lift_b_l_8": {
      "status": true,
      "rtime": 235.37,
      "clauses": 28
    },
    "/AIJ-artifact/LTL-as-LTLf/benchmarks/benchmarks/alaska/lift/lift_b_l/lift_b_l_9": {
      "status": true,
      "rtime": 123.51,
      "clauses": 31
    },
    "/AIJ-artifact/LTL-as-LTLf/benchmarks/benchmarks/alaska/lift/lift_b_l/lift_b_l_6": {
      "status": true,
      "rtime": 36.18,
      "clauses": 24
    },
    "/AIJ-artifact/LTL-as-LTLf/benchmarks/benchmarks/alaska/lift/lift_b_l/lift_b_l_10": {
      "status": true,
      "rtime": 879.36,
      "clauses": 33
    },
    "/AIJ-artifact/LTL-as-LTLf/benchmarks/benchmarks/alaska/lift/lift_b_l/lift_b_l_13": {
      "status": false,
      "rtime": 7200,
      "clauses": 39
    },
    "/AIJ-artifact/LTL-as-LTLf/benchmarks/benchmarks/alaska/lift/lift_b_l/lift_b_l_16": {
      "status": false,
      "rtime": 7200,
      "clauses": 45
    },
    "/AIJ-artifact/LTL-as-LTLf/benchmarks/benchmarks/alaska/lift/lift_b_l/lift_b_l_4": {
      "status": true,
      "rtime": 3.3,
      "clauses": 19
    },
    "/AIJ-artifact/LTL-as-LTLf/benchmarks/benchmarks/alaska/lift/lift_b_l/lift_b_l_11": {
      "status": true,
      "rtime": 1129.92,
      "clauses": 35
    },
    "/AIJ-artifact/LTL-as-LTLf/benchmarks/benchmarks/alaska/lift/lift_b_l/lift_b_l_18": {
      "status": false,
      "rtime": 7200,
      "clauses": 50
    },
    "/AIJ-artifact/LTL-as-LTLf/benchmarks/benchmarks/alaska/lift/lift_b_l/lift_b_l_12": {
      "status": true,
      "rtime": 2521.14,
      "clauses": 37
    },
    "/AIJ-artifact/LTL-as-LTLf/benchmarks/benchmarks/alaska/lift/lift_b_l/lift_b_l_15": {
      "status": false,
      "rtime": 7200,
      "clauses": 43
    },
    "/AIJ-artifact/LTL-as-LTLf/benchmarks/benchmarks/alaska/lift/lift_b_l/lift_b_l_2": {
      "status": true,
      "rtime": 0.26,
      "clauses": 14
    },
    "/AIJ-artifact/LTL-as-LTLf/benchmarks/benchmarks/alaska/lift/lift_b_l/lift_b_l_14": {
      "status": false,
      "rtime": 7200,
      "clauses": 41
    },
    "/AIJ-artifact/LTL-as-LTLf/benchmarks/benchmarks/alaska/lift/lift_b_l/lift_b_l_3": {
      "status": true,
      "rtime": 1.01,
      "clauses": 17
    },
    "/AIJ-artifact/LTL-as-LTLf/benchmarks/benchmarks/alaska/lift/lift_b_l/lift_b_l_7": {
      "status": true,
      "rtime": 95.01,
      "clauses": 26
    },
    "/AIJ-artifact/LTL-as-LTLf/benchmarks/benchmarks/alaska/lift/lift_b_l/lift_b_l_5": {
      "status": true,
      "rtime": 20.56,
      "clauses": 22
    },
    "/AIJ-artifact/LTL-as-LTLf/benchmarks/benchmarks/alaska/lift/lift_b_l/lift_b_l_17": {
      "status": false,
      "rtime": 7200,
      "clauses": 48
    }
  }
}