{
  "preamble": {
    "program": "NuSMV-B",
    "prog_alias": "ltlfuc_bdd",
    "benchmark": "Li-et-al-AIJ2020-benchmark"
  },
  "stats": {
    "/AIJ-artifact/LTL-as-LTLf/benchmarks/benchmarks/alaska/lift/lift_b_l/lift_b_l_8": {
      "status": false,
      "rtime": 10000,
      "clauses": 28
    },
    "/AIJ-artifact/LTL-as-LTLf/benchmarks/benchmarks/alaska/lift/lift_b_l/lift_b_l_9": {
      "status": false,
      "rtime": 10000,
      "clauses": 31
    },
    "/AIJ-artifact/LTL-as-LTLf/benchmarks/benchmarks/alaska/lift/lift_b_l/lift_b_l_6": {
      "status": false,
      "rtime": 10000,
      "clauses": 24
    },
    "/AIJ-artifact/LTL-as-LTLf/benchmarks/benchmarks/alaska/lift/lift_b_l/lift_b_l_10": {
      "status": false,
      "rtime": 10000,
      "clauses": 33
    },
    "/AIJ-artifact/LTL-as-LTLf/benchmarks/benchmarks/alaska/lift/lift_b_l/lift_b_l_13": {
      "status": false,
      "rtime": 10000,
      "clauses": 39
    },
    "/AIJ-artifact/LTL-as-LTLf/benchmarks/benchmarks/alaska/lift/lift_b_l/lift_b_l_16": {
      "status": false,
      "rtime": 10000,
      "clauses": 45
    },
    "/AIJ-artifact/LTL-as-LTLf/benchmarks/benchmarks/alaska/lift/lift_b_l/lift_b_l_4": {
      "status": false,
      "rtime": 10000,
      "clauses": 19
    },
    "/AIJ-artifact/LTL-as-LTLf/benchmarks/benchmarks/alaska/lift/lift_b_l/lift_b_l_11": {
      "status": false,
      "rtime": 10000,
      "clauses": 35
    },
    "/AIJ-artifact/LTL-as-LTLf/benchmarks/benchmarks/alaska/lift/lift_b_l/lift_b_l_18": {
      "status": false,
      "rtime": 10000,
      "clauses": 50
    },
    "/AIJ-artifact/LTL-as-LTLf/benchmarks/benchmarks/alaska/lift/lift_b_l/lift_b_l_12": {
      "status": false,
      "rtime": 10000,
      "clauses": 37
    },
    "/AIJ-artifact/LTL-as-LTLf/benchmarks/benchmarks/alaska/lift/lift_b_l/lift_b_l_15": {
      "status": false,
      "rtime": 10000,
      "clauses": 43
    },
    "/AIJ-artifact/LTL-as-LTLf/benchmarks/benchmarks/alaska/lift/lift_b_l/lift_b_l_2": {
      "status": false,
      "rtime": 10000,
      "clauses": 14
    },
    "/AIJ-artifact/LTL-as-LTLf/benchmarks/benchmarks/alaska/lift/lift_b_l/lift_b_l_14": {
      "status": false,
      "rtime": 10000,
      "clauses": 41
    },
    "/AIJ-artifact/LTL-as-LTLf/benchmarks/benchmarks/alaska/lift/lift_b_l/lift_b_l_3": {
      "status": false,
      "rtime": 10000,
      "clauses": 17
    },
    "/AIJ-artifact/LTL-as-LTLf/benchmarks/benchmarks/alaska/lift/lift_b_l/lift_b_l_7": {
      "status": false,
      "rtime": 10000,
      "clauses": 26
    },
    "/AIJ-artifact/LTL-as-LTLf/benchmarks/benchmarks/alaska/lift/lift_b_l/lift_b_l_5": {
      "status": false,
      "rtime": 10000,
      "clauses": 22
    },
    "/AIJ-artifact/LTL-as-LTLf/benchmarks/benchmarks/alaska/lift/lift_b_l/lift_b_l_17": {
      "status": false,
      "rtime": 10000,
      "clauses": 48
    }
  }
}