{
  "preamble": {
    "program": "NuSMV-B",
    "prog_alias": "ltlfuc_bdd",
    "benchmark": "Li-et-al-AIJ2020-benchmark"
  },
  "stats": {
    "/AIJ-artifact/LTL-as-LTLf/benchmarks/benchmarks/alaska/lift/lift_b_f/lift_b_f_14": {
      "status": true,
      "rtime": 551.75,
      "clauses": 27
    },
    "/AIJ-artifact/LTL-as-LTLf/benchmarks/benchmarks/alaska/lift/lift_b_f/lift_b_f_2": {
      "status": true,
      "rtime": 0.09,
      "clauses": 12
    },
    "/AIJ-artifact/LTL-as-LTLf/benchmarks/benchmarks/alaska/lift/lift_b_f/lift_b_f_10": {
      "status": true,
      "rtime": 31.36,
      "clauses": 23
    },
    "/AIJ-artifact/LTL-as-LTLf/benchmarks/benchmarks/alaska/lift/lift_b_f/lift_b_f_8": {
      "status": true,
      "rtime": 18.53,
      "clauses": 20
    },
    "/AIJ-artifact/LTL-as-LTLf/benchmarks/benchmarks/alaska/lift/lift_b_f/lift_b_f_17": {
      "status": true,
      "rtime": 1027.21,
      "clauses": 31
    },
    "/AIJ-artifact/LTL-as-LTLf/benchmarks/benchmarks/alaska/lift/lift_b_f/lift_b_f_6": {
      "status": true,
      "rtime": 5.45,
      "clauses": 18
    },
    "/AIJ-artifact/LTL-as-LTLf/benchmarks/benchmarks/alaska/lift/lift_b_f/lift_b_f_15": {
      "status": true,
      "rtime": 760.55,
      "clauses": 28
    },
    "/AIJ-artifact/LTL-as-LTLf/benchmarks/benchmarks/alaska/lift/lift_b_f/lift_b_f_16": {
      "status": true,
      "rtime": 505.95,
      "clauses": 29
    },
    "/AIJ-artifact/LTL-as-LTLf/benchmarks/benchmarks/alaska/lift/lift_b_f/lift_b_f_7": {
      "status": true,
      "rtime": 4.83,
      "clauses": 19
    },
    "/AIJ-artifact/LTL-as-LTLf/benchmarks/benchmarks/alaska/lift/lift_b_f/lift_b_f_12": {
      "status": true,
      "rtime": 307.88,
      "clauses": 25
    },
    "/AIJ-artifact/LTL-as-LTLf/benchmarks/benchmarks/alaska/lift/lift_b_f/lift_b_f_5": {
      "status": true,
      "rtime": 1.43,
      "clauses": 17
    },
    "/AIJ-artifact/LTL-as-LTLf/benchmarks/benchmarks/alaska/lift/lift_b_f/lift_b_f_18": {
      "status": false,
      "rtime": 7200,
      "clauses": 32
    },
    "/AIJ-artifact/LTL-as-LTLf/benchmarks/benchmarks/alaska/lift/lift_b_f/lift_b_f_11": {
      "status": true,
      "rtime": 67.0,
      "clauses": 24
    },
    "/AIJ-artifact/LTL-as-LTLf/benchmarks/benchmarks/alaska/lift/lift_b_f/lift_b_f_9": {
      "status": true,
      "rtime": 35.93,
      "clauses": 22
    },
    "/AIJ-artifact/LTL-as-LTLf/benchmarks/benchmarks/alaska/lift/lift_b_f/lift_b_f_3": {
      "status": true,
      "rtime": 0.56,
      "clauses": 14
    },
    "/AIJ-artifact/LTL-as-LTLf/benchmarks/benchmarks/alaska/lift/lift_b_f/lift_b_f_13": {
      "status": true,
      "rtime": 407.99,
      "clauses": 26
    },
    "/AIJ-artifact/LTL-as-LTLf/benchmarks/benchmarks/alaska/lift/lift_b_f/lift_b_f_4": {
      "status": true,
      "rtime": 1.2,
      "clauses": 15
    }
  }
}