{
  "aaltafuc": {
    "Pre-parsing": {
      "Total": 0,
      "UC_rank_1": 0,
      "UC_rank_2": 0,
      "UC_rank_3": 0,
      "UC_rank_4": 0,
      "No UC": 0
    },
    "Time_rank_1": {
      "Total": 1262,
      "UC_rank_1": 674,
      "UC_rank_2": 548,
      "UC_rank_3": 40,
      "UC_rank_4": 0,
      "No UC": 0
    },
    "Time_rank_2": {
      "Total": 16,
      "UC_rank_1": 9,
      "UC_rank_2": 0,
      "UC_rank_3": 7,
      "UC_rank_4": 0,
      "No UC": 0
    },
    "Time_rank_3": {
      "Total": 15,
      "UC_rank_1": 5,
      "UC_rank_2": 0,
      "UC_rank_3": 10,
      "UC_rank_4": 0,
      "No UC": 0
    },
    "Time_rank_4": {
      "Total": 0,
      "UC_rank_1": 0,
      "UC_rank_2": 0,
      "UC_rank_3": 0,
      "UC_rank_4": 0,
      "No UC": 0
    },
    "Timeout": {
      "Total": 84,
      "UC_rank_1": 0,
      "UC_rank_2": 0,
      "UC_rank_3": 0,
      "UC_rank_4": 0,
      "No UC": 84
    }
  },
  "trppp": {
    "Pre-parsing": {
      "Total": 26,
      "UC_rank_1": 4,
      "UC_rank_2": 9,
      "UC_rank_3": 7,
      "UC_rank_4": 6,
      "No UC": 0
    },
    "Time_rank_1": {
      "Total": 0,
      "UC_rank_1": 0,
      "UC_rank_2": 0,
      "UC_rank_3": 0,
      "UC_rank_4": 0,
      "No UC": 0
    },
    "Time_rank_2": {
      "Total": 694,
      "UC_rank_1": 624,
      "UC_rank_2": 61,
      "UC_rank_3": 9,
      "UC_rank_4": 0,
      "No UC": 0
    },
    "Time_rank_3": {
      "Total": 62,
      "UC_rank_1": 53,
      "UC_rank_2": 7,
      "UC_rank_3": 2,
      "UC_rank_4": 0,
      "No UC": 0
    },
    "Time_rank_4": {
      "Total": 7,
      "UC_rank_1": 5,
      "UC_rank_2": 2,
      "UC_rank_3": 0,
      "UC_rank_4": 0,
      "No UC": 0
    },
    "Timeout": {
      "Total": 588,
      "UC_rank_1": 0,
      "UC_rank_2": 0,
      "UC_rank_3": 0,
      "UC_rank_4": 0,
      "No UC": 588
    }
  },
  "ltlfuc_sat": {
    "Pre-parsing": {
      "Total": 1,
      "UC_rank_1": 1,
      "UC_rank_2": 0,
      "UC_rank_3": 0,
      "UC_rank_4": 0,
      "No UC": 0
    },
    "Time_rank_1": {
      "Total": 8,
      "UC_rank_1": 8,
      "UC_rank_2": 0,
      "UC_rank_3": 0,
      "UC_rank_4": 0,
      "No UC": 0
    },
    "Time_rank_2": {
      "Total": 21,
      "UC_rank_1": 20,
      "UC_rank_2": 0,
      "UC_rank_3": 0,
      "UC_rank_4": 1,
      "No UC": 0
    },
    "Time_rank_3": {
      "Total": 7,
      "UC_rank_1": 5,
      "UC_rank_2": 0,
      "UC_rank_3": 1,
      "UC_rank_4": 1,
      "No UC": 0
    },
    "Time_rank_4": {
      "Total": 8,
      "UC_rank_1": 6,
      "UC_rank_2": 0,
      "UC_rank_3": 2,
      "UC_rank_4": 0,
      "No UC": 0
    },
    "Timeout": {
      "Total": 1332,
      "UC_rank_1": 0,
      "UC_rank_2": 0,
      "UC_rank_3": 0,
      "UC_rank_4": 0,
      "No UC": 1332
    }
  },
  "ltlfuc_bdd": {
    "Pre-parsing": {
      "Total": 0,
      "UC_rank_1": 0,
      "UC_rank_2": 0,
      "UC_rank_3": 0,
      "UC_rank_4": 0,
      "No UC": 0
    },
    "Time_rank_1": {
      "Total": 88,
      "UC_rank_1": 76,
      "UC_rank_2": 12,
      "UC_rank_3": 0,
      "UC_rank_4": 0,
      "No UC": 0
    },
    "Time_rank_2": {
      "Total": 56,
      "UC_rank_1": 42,
      "UC_rank_2": 13,
      "UC_rank_3": 1,
      "UC_rank_4": 0,
      "No UC": 0
    },
    "Time_rank_3": {
      "Total": 64,
      "UC_rank_1": 59,
      "UC_rank_2": 4,
      "UC_rank_3": 1,
      "UC_rank_4": 0,
      "No UC": 0
    },
    "Time_rank_4": {
      "Total": 11,
      "UC_rank_1": 11,
      "UC_rank_2": 0,
      "UC_rank_3": 0,
      "UC_rank_4": 0,
      "No UC": 0
    },
    "Timeout": {
      "Total": 1158,
      "UC_rank_1": 0,
      "UC_rank_2": 0,
      "UC_rank_3": 0,
      "UC_rank_4": 0,
      "No UC": 1158
    }
  }
}