{
  "aaltafuc": {
    "Pre-parsing": {
      "Total": 0,
      "UC_rank_1": 0,
      "UC_rank_2": 0,
      "UC_rank_3": 0,
      "UC_rank_4": 0,
      "No UC": 0
    },
    "Time_rank_1": {
      "Total": 1262,
      "UC_rank_1": 667,
      "UC_rank_2": 544,
      "UC_rank_3": 51,
      "UC_rank_4": 0,
      "No UC": 0
    },
    "Time_rank_2": {
      "Total": 16,
      "UC_rank_1": 9,
      "UC_rank_2": 0,
      "UC_rank_3": 7,
      "UC_rank_4": 0,
      "No UC": 0
    },
    "Time_rank_3": {
      "Total": 15,
      "UC_rank_1": 5,
      "UC_rank_2": 0,
      "UC_rank_3": 10,
      "UC_rank_4": 0,
      "No UC": 0
    },
    "Time_rank_4": {
      "Total": 0,
      "UC_rank_1": 0,
      "UC_rank_2": 0,
      "UC_rank_3": 0,
      "UC_rank_4": 0,
      "No UC": 0
    },
    "Timeout": {
      "Total": 84,
      "UC_rank_1": 0,
      "UC_rank_2": 0,
      "UC_rank_3": 0,
      "UC_rank_4": 0,
      "No UC": 84
    }
  },
  "trppp": {
    "Pre-parsing": {
      "Total": 26,
      "UC_rank_1": 4,
      "UC_rank_2": 9,
      "UC_rank_3": 7,
      "UC_rank_4": 6,
      "No UC": 0
    },
    "Time_rank_1": {
      "Total": 0,
      "UC_rank_1": 0,
      "UC_rank_2": 0,
      "UC_rank_3": 0,
      "UC_rank_4": 0,
      "No UC": 0
    },
    "Time_rank_2": {
      "Total": 691,
      "UC_rank_1": 617,
      "UC_rank_2": 65,
      "UC_rank_3": 9,
      "UC_rank_4": 0,
      "No UC": 0
    },
    "Time_rank_3": {
      "Total": 65,
      "UC_rank_1": 54,
      "UC_rank_2": 8,
      "UC_rank_3": 3,
      "UC_rank_4": 0,
      "No UC": 0
    },
    "Time_rank_4": {
      "Total": 7,
      "UC_rank_1": 5,
      "UC_rank_2": 2,
      "UC_rank_3": 0,
      "UC_rank_4": 0,
      "No UC": 0
    },
    "Timeout": {
      "Total": 588,
      "UC_rank_1": 0,
      "UC_rank_2": 0,
      "UC_rank_3": 0,
      "UC_rank_4": 0,
      "No UC": 588
    }
  },
  "ltlfuc_sat": {
    "Pre-parsing": {
      "Total": 0,
      "UC_rank_1": 0,
      "UC_rank_2": 0,
      "UC_rank_3": 0,
      "UC_rank_4": 0,
      "No UC": 0
    },
    "Time_rank_1": {
      "Total": 8,
      "UC_rank_1": 8,
      "UC_rank_2": 0,
      "UC_rank_3": 0,
      "UC_rank_4": 0,
      "No UC": 0
    },
    "Time_rank_2": {
      "Total": 21,
      "UC_rank_1": 20,
      "UC_rank_2": 0,
      "UC_rank_3": 0,
      "UC_rank_4": 1,
      "No UC": 0
    },
    "Time_rank_3": {
      "Total": 7,
      "UC_rank_1": 5,
      "UC_rank_2": 0,
      "UC_rank_3": 1,
      "UC_rank_4": 1,
      "No UC": 0
    },
    "Time_rank_4": {
      "Total": 8,
      "UC_rank_1": 6,
      "UC_rank_2": 0,
      "UC_rank_3": 2,
      "UC_rank_4": 0,
      "No UC": 0
    },
    "Timeout": {
      "Total": 1333,
      "UC_rank_1": 0,
      "UC_rank_2": 0,
      "UC_rank_3": 0,
      "UC_rank_4": 0,
      "No UC": 1333
    }
  },
  "ltlfuc_bdd": {
    "Pre-parsing": {
      "Total": 0,
      "UC_rank_1": 0,
      "UC_rank_2": 0,
      "UC_rank_3": 0,
      "UC_rank_4": 0,
      "No UC": 0
    },
    "Time_rank_1": {
      "Total": 92,
      "UC_rank_1": 80,
      "UC_rank_2": 12,
      "UC_rank_3": 0,
      "UC_rank_4": 0,
      "No UC": 0
    },
    "Time_rank_2": {
      "Total": 67,
      "UC_rank_1": 51,
      "UC_rank_2": 15,
      "UC_rank_3": 1,
      "UC_rank_4": 0,
      "No UC": 0
    },
    "Time_rank_3": {
      "Total": 78,
      "UC_rank_1": 71,
      "UC_rank_2": 5,
      "UC_rank_3": 2,
      "UC_rank_4": 0,
      "No UC": 0
    },
    "Time_rank_4": {
      "Total": 11,
      "UC_rank_1": 11,
      "UC_rank_2": 0,
      "UC_rank_3": 0,
      "UC_rank_4": 0,
      "No UC": 0
    },
    "Timeout": {
      "Total": 1129,
      "UC_rank_1": 0,
      "UC_rank_2": 0,
      "UC_rank_3": 0,
      "UC_rank_4": 0,
      "No UC": 1129
    }
  }
}