{
  "preamble": {
    "program": "TRP++",
    "prog_alias": "trppp",
    "benchmark": "Li-et-al-AIJ2020-benchmark"
  },
  "stats": {
    "/AIJ-artifact/LTL-as-LTLf/benchmarks/benchmarks/schuppan/O1formula/O1formula40": {
      "status": true,
      "rtime": 0.069,
      "clauses": 42
    },
    "/AIJ-artifact/LTL-as-LTLf/benchmarks/benchmarks/schuppan/O1formula/O1formula300": {
      "status": true,
      "rtime": 14.081,
      "clauses": 302
    },
    "/AIJ-artifact/LTL-as-LTLf/benchmarks/benchmarks/schuppan/O1formula/O1formula600": {
      "status": true,
      "rtime": 108.875,
      "clauses": 602
    },
    "/AIJ-artifact/LTL-as-LTLf/benchmarks/benchmarks/schuppan/O1formula/O1formula6": {
      "status": true,
      "rtime": 0.005,
      "clauses": 8
    },
    "/AIJ-artifact/LTL-as-LTLf/benchmarks/benchmarks/schuppan/O1formula/O1formula90": {
      "status": true,
      "rtime": 0.48,
      "clauses": 92
    },
    "/AIJ-artifact/LTL-as-LTLf/benchmarks/benchmarks/schuppan/O1formula/O1formula100": {
      "status": true,
      "rtime": 0.629,
      "clauses": 102
    },
    "/AIJ-artifact/LTL-as-LTLf/benchmarks/benchmarks/schuppan/O1formula/O1formula70": {
      "status": true,
      "rtime": 0.274,
      "clauses": 72
    },
    "/AIJ-artifact/LTL-as-LTLf/benchmarks/benchmarks/schuppan/O1formula/O1formula500": {
      "status": true,
      "rtime": 61.94,
      "clauses": 502
    },
    "/AIJ-artifact/LTL-as-LTLf/benchmarks/benchmarks/schuppan/O1formula/O1formula60": {
      "status": true,
      "rtime": 0.169,
      "clauses": 62
    },
    "/AIJ-artifact/LTL-as-LTLf/benchmarks/benchmarks/schuppan/O1formula/O1formula9": {
      "status": true,
      "rtime": 0.007,
      "clauses": 11
    },
    "/AIJ-artifact/LTL-as-LTLf/benchmarks/benchmarks/schuppan/O1formula/O1formula800": {
      "status": true,
      "rtime": 258.948,
      "clauses": 802
    },
    "/AIJ-artifact/LTL-as-LTLf/benchmarks/benchmarks/schuppan/O1formula/O1formula1000": {
      "status": true,
      "rtime": 490.347,
      "clauses": 1002
    },
    "/AIJ-artifact/LTL-as-LTLf/benchmarks/benchmarks/schuppan/O1formula/O1formula80": {
      "status": true,
      "rtime": 0.353,
      "clauses": 82
    },
    "/AIJ-artifact/LTL-as-LTLf/benchmarks/benchmarks/schuppan/O1formula/O1formula900": {
      "status": true,
      "rtime": 353.335,
      "clauses": 902
    },
    "/AIJ-artifact/LTL-as-LTLf/benchmarks/benchmarks/schuppan/O1formula/O1formula7": {
      "status": true,
      "rtime": 0.005,
      "clauses": 9
    },
    "/AIJ-artifact/LTL-as-LTLf/benchmarks/benchmarks/schuppan/O1formula/O1formula8": {
      "status": true,
      "rtime": 0.006,
      "clauses": 10
    },
    "/AIJ-artifact/LTL-as-LTLf/benchmarks/benchmarks/schuppan/O1formula/O1formula3": {
      "status": true,
      "rtime": 0.003,
      "clauses": 5
    },
    "/AIJ-artifact/LTL-as-LTLf/benchmarks/benchmarks/schuppan/O1formula/O1formula5": {
      "status": true,
      "rtime": 0.004,
      "clauses": 7
    },
    "/AIJ-artifact/LTL-as-LTLf/benchmarks/benchmarks/schuppan/O1formula/O1formula2": {
      "status": true,
      "rtime": 0.003,
      "clauses": 4
    },
    "/AIJ-artifact/LTL-as-LTLf/benchmarks/benchmarks/schuppan/O1formula/O1formula30": {
      "status": true,
      "rtime": 0.036,
      "clauses": 32
    },
    "/AIJ-artifact/LTL-as-LTLf/benchmarks/benchmarks/schuppan/O1formula/O1formula10": {
      "status": true,
      "rtime": 0.004,
      "clauses": 12
    },
    "/AIJ-artifact/LTL-as-LTLf/benchmarks/benchmarks/schuppan/O1formula/O1formula400": {
      "status": true,
      "rtime": 33.507,
      "clauses": 402
    },
    "/AIJ-artifact/LTL-as-LTLf/benchmarks/benchmarks/schuppan/O1formula/O1formula50": {
      "status": true,
      "rtime": 0.11,
      "clauses": 52
    },
    "/AIJ-artifact/LTL-as-LTLf/benchmarks/benchmarks/schuppan/O1formula/O1formula4": {
      "status": true,
      "rtime": 0.003,
      "clauses": 6
    },
    "/AIJ-artifact/LTL-as-LTLf/benchmarks/benchmarks/schuppan/O1formula/O1formula20": {
      "status": true,
      "rtime": 0.019,
      "clauses": 22
    },
    "/AIJ-artifact/LTL-as-LTLf/benchmarks/benchmarks/schuppan/O1formula/O1formula200": {
      "status": true,
      "rtime": 4.33,
      "clauses": 202
    },
    "/AIJ-artifact/LTL-as-LTLf/benchmarks/benchmarks/schuppan/O1formula/O1formula700": {
      "status": true,
      "rtime": 173.606,
      "clauses": 702
    }
  }
}