{
  "preamble": {
    "program": "NuSMV-B",
    "prog_alias": "ltlfuc_bdd",
    "benchmark": "Li-et-al-AIJ2020-benchmark"
  },
  "stats": {
    "/AIJ-artifact/LTL-as-LTLf/benchmarks/benchmarks/rozier/formulas/n4/P0.7/L50/P0.7N4L50_9": {
      "status": true,
      "rtime": 0.04,
      "clauses": 1
    },
    "/AIJ-artifact/LTL-as-LTLf/benchmarks/benchmarks/rozier/formulas/n2/P0.3/L60/P0.333333333333333N2L60_4": {
      "status": true,
      "rtime": 0.01,
      "clauses": 1
    },
    "/AIJ-artifact/LTL-as-LTLf/benchmarks/benchmarks/rozier/formulas/n2/P0.5/L20/P0.5N2L20_2.negated": {
      "status": true,
      "rtime": 0.005,
      "clauses": 1
    },
    "/AIJ-artifact/LTL-as-LTLf/benchmarks/benchmarks/rozier/formulas/n2/P0.3/L10/P0.333333333333333N2L10_6": {
      "status": true,
      "rtime": 0.009,
      "clauses": 4
    },
    "/AIJ-artifact/LTL-as-LTLf/benchmarks/benchmarks/rozier/formulas/n3/P0.5/L100/P0.5N3L100_4.negated": {
      "status": false,
      "rtime": 5001,
      "clauses": 1
    },
    "/AIJ-artifact/LTL-as-LTLf/benchmarks/benchmarks/rozier/formulas/n3/P0.5/L60/P0.5N3L60_4.negated": {
      "status": false,
      "rtime": 5001,
      "clauses": 1
    },
    "/AIJ-artifact/LTL-as-LTLf/benchmarks/benchmarks/rozier/formulas/n2/P0.5/L60/P0.5N2L60_6.negated": {
      "status": false,
      "rtime": 5001,
      "clauses": 1
    },
    "/AIJ-artifact/LTL-as-LTLf/benchmarks/benchmarks/rozier/formulas/n2/P0.3/L100/P0.333333333333333N2L100_5.negated": {
      "status": true,
      "rtime": 0.06,
      "clauses": 1
    },
    "/AIJ-artifact/LTL-as-LTLf/benchmarks/benchmarks/rozier/formulas/n2/P0.7/L80/P0.7N2L80_7.negated": {
      "status": true,
      "rtime": 0.1,
      "clauses": 1
    },
    "/AIJ-artifact/LTL-as-LTLf/benchmarks/benchmarks/rozier/formulas/n5/P0.5/L40/P0.5N5L40_7.negated": {
      "status": false,
      "rtime": 5001,
      "clauses": 1
    },
    "/AIJ-artifact/LTL-as-LTLf/benchmarks/benchmarks/rozier/formulas/n3/P0.5/L10/P0.5N3L10_10": {
      "status": true,
      "rtime": 0.005,
      "clauses": 1
    },
    "/AIJ-artifact/LTL-as-LTLf/benchmarks/benchmarks/rozier/formulas/n2/P0.3/L80/P0.333333333333333N2L80_3": {
      "status": true,
      "rtime": 0.01,
      "clauses": 1
    },
    "/AIJ-artifact/LTL-as-LTLf/benchmarks/benchmarks/rozier/formulas/n2/P0.5/L70/P0.5N2L70_1.negated": {
      "status": true,
      "rtime": 0.02,
      "clauses": 1
    },
    "/AIJ-artifact/LTL-as-LTLf/benchmarks/benchmarks/rozier/formulas/n3/P0.5/L80/P0.5N3L80_7": {
      "status": true,
      "rtime": 0.09,
      "clauses": 4
    },
    "/AIJ-artifact/LTL-as-LTLf/benchmarks/benchmarks/rozier/formulas/n4/P0.3/L70/P0.333333333333333N4L70_10.negated": {
      "status": true,
      "rtime": 0.41,
      "clauses": 1
    },
    "/AIJ-artifact/LTL-as-LTLf/benchmarks/benchmarks/rozier/formulas/n4/P0.3/L10/P0.333333333333333N4L10_8": {
      "status": true,
      "rtime": 0.0013,
      "clauses": 2
    },
    "/AIJ-artifact/LTL-as-LTLf/benchmarks/benchmarks/rozier/formulas/n5/P0.5/L40/P0.5N5L40_6.negated": {
      "status": false,
      "rtime": 5001,
      "clauses": 1
    },
    "/AIJ-artifact/LTL-as-LTLf/benchmarks/benchmarks/rozier/formulas/n4/P0.7/L100/P0.7N4L100_9": {
      "status": true,
      "rtime": 3.52,
      "clauses": 1
    },
    "/AIJ-artifact/LTL-as-LTLf/benchmarks/benchmarks/rozier/formulas/n2/P0.3/L60/P0.333333333333333N2L60_3": {
      "status": false,
      "rtime": 5001,
      "clauses": 1
    },
    "/AIJ-artifact/LTL-as-LTLf/benchmarks/benchmarks/rozier/formulas/n5/P0.7/L60/P0.7N5L60_1": {
      "status": true,
      "rtime": 0.13,
      "clauses": 2
    },
    "/AIJ-artifact/LTL-as-LTLf/benchmarks/benchmarks/rozier/formulas/n2/P0.3/L70/P0.333333333333333N2L70_3": {
      "status": true,
      "rtime": 0.01,
      "clauses": 1
    },
    "/AIJ-artifact/LTL-as-LTLf/benchmarks/benchmarks/rozier/formulas/n4/P0.3/L90/P0.333333333333333N4L90_10": {
      "status": false,
      "rtime": 5001,
      "clauses": 1
    },
    "/AIJ-artifact/LTL-as-LTLf/benchmarks/benchmarks/rozier/formulas/n4/P0.5/L20/P0.5N4L20_8": {
      "status": true,
      "rtime": 0.0011,
      "clauses": 3
    },
    "/AIJ-artifact/LTL-as-LTLf/benchmarks/benchmarks/rozier/formulas/n2/P0.5/L100/P0.5N2L100_4": {
      "status": true,
      "rtime": 0.29,
      "clauses": 1
    },
    "/AIJ-artifact/LTL-as-LTLf/benchmarks/benchmarks/rozier/formulas/n3/P0.7/L100/P0.7N3L100_5.negated": {
      "status": true,
      "rtime": 1.22,
      "clauses": 1
    },
    "/AIJ-artifact/LTL-as-LTLf/benchmarks/benchmarks/rozier/formulas/n3/P0.3/L50/P0.333333333333333N3L50_2": {
      "status": false,
      "rtime": 5001,
      "clauses": 1
    },
    "/AIJ-artifact/LTL-as-LTLf/benchmarks/benchmarks/rozier/formulas/n3/P0.3/L50/P0.333333333333333N3L50_7": {
      "status": true,
      "rtime": 0.005,
      "clauses": 1
    },
    "/AIJ-artifact/LTL-as-LTLf/benchmarks/benchmarks/rozier/formulas/n3/P0.5/L30/P0.5N3L30_8.negated": {
      "status": false,
      "rtime": 5001,
      "clauses": 1
    },
    "/AIJ-artifact/LTL-as-LTLf/benchmarks/benchmarks/rozier/formulas/n2/P0.5/L40/P0.5N2L40_8.negated": {
      "status": true,
      "rtime": 0.01,
      "clauses": 1
    },
    "/AIJ-artifact/LTL-as-LTLf/benchmarks/benchmarks/rozier/formulas/n3/P0.3/L80/P0.333333333333333N3L80_5.negated": {
      "status": false,
      "rtime": 5001,
      "clauses": 1
    }
  }
}