{
  "preamble": {
    "program": "NuSMV-B",
    "prog_alias": "ltlfuc_bdd",
    "benchmark": "Li-et-al-AIJ2020-benchmark"
  },
  "stats": {
    "/AIJ-artifact/LTL-as-LTLf/benchmarks/benchmarks/schuppan/O1formula/O1formula40": {
      "status": true,
      "rtime": 0.39,
      "clauses": 42
    },
    "/AIJ-artifact/LTL-as-LTLf/benchmarks/benchmarks/schuppan/O1formula/O1formula300": {
      "status": false,
      "rtime": 10000,
      "clauses": 302
    },
    "/AIJ-artifact/LTL-as-LTLf/benchmarks/benchmarks/schuppan/O1formula/O1formula600": {
      "status": false,
      "rtime": 10000,
      "clauses": 602
    },
    "/AIJ-artifact/LTL-as-LTLf/benchmarks/benchmarks/schuppan/O1formula/O1formula6": {
      "status": true,
      "rtime": 0.000378,
      "clauses": 8
    },
    "/AIJ-artifact/LTL-as-LTLf/benchmarks/benchmarks/schuppan/O1formula/O1formula90": {
      "status": true,
      "rtime": 4.32,
      "clauses": 92
    },
    "/AIJ-artifact/LTL-as-LTLf/benchmarks/benchmarks/schuppan/O1formula/O1formula100": {
      "status": true,
      "rtime": 6.25,
      "clauses": 102
    },
    "/AIJ-artifact/LTL-as-LTLf/benchmarks/benchmarks/schuppan/O1formula/O1formula70": {
      "status": true,
      "rtime": 2.07,
      "clauses": 72
    },
    "/AIJ-artifact/LTL-as-LTLf/benchmarks/benchmarks/schuppan/O1formula/O1formula500": {
      "status": false,
      "rtime": 10000,
      "clauses": 502
    },
    "/AIJ-artifact/LTL-as-LTLf/benchmarks/benchmarks/schuppan/O1formula/O1formula60": {
      "status": true,
      "rtime": 1.37,
      "clauses": 62
    },
    "/AIJ-artifact/LTL-as-LTLf/benchmarks/benchmarks/schuppan/O1formula/O1formula9": {
      "status": true,
      "rtime": 0.000378,
      "clauses": 11
    },
    "/AIJ-artifact/LTL-as-LTLf/benchmarks/benchmarks/schuppan/O1formula/O1formula800": {
      "status": false,
      "rtime": 10000,
      "clauses": 802
    },
    "/AIJ-artifact/LTL-as-LTLf/benchmarks/benchmarks/schuppan/O1formula/O1formula1000": {
      "status": false,
      "rtime": 10000,
      "clauses": 1002
    },
    "/AIJ-artifact/LTL-as-LTLf/benchmarks/benchmarks/schuppan/O1formula/O1formula80": {
      "status": true,
      "rtime": 2.95,
      "clauses": 82
    },
    "/AIJ-artifact/LTL-as-LTLf/benchmarks/benchmarks/schuppan/O1formula/O1formula900": {
      "status": false,
      "rtime": 10000,
      "clauses": 902
    },
    "/AIJ-artifact/LTL-as-LTLf/benchmarks/benchmarks/schuppan/O1formula/O1formula7": {
      "status": true,
      "rtime": 0.01,
      "clauses": 9
    },
    "/AIJ-artifact/LTL-as-LTLf/benchmarks/benchmarks/schuppan/O1formula/O1formula8": {
      "status": true,
      "rtime": 0.01,
      "clauses": 10
    },
    "/AIJ-artifact/LTL-as-LTLf/benchmarks/benchmarks/schuppan/O1formula/O1formula3": {
      "status": true,
      "rtime": 0.000378,
      "clauses": 5
    },
    "/AIJ-artifact/LTL-as-LTLf/benchmarks/benchmarks/schuppan/O1formula/O1formula5": {
      "status": true,
      "rtime": 0.000378,
      "clauses": 7
    },
    "/AIJ-artifact/LTL-as-LTLf/benchmarks/benchmarks/schuppan/O1formula/O1formula2": {
      "status": true,
      "rtime": 0.000378,
      "clauses": 4
    },
    "/AIJ-artifact/LTL-as-LTLf/benchmarks/benchmarks/schuppan/O1formula/O1formula30": {
      "status": true,
      "rtime": 0.16,
      "clauses": 32
    },
    "/AIJ-artifact/LTL-as-LTLf/benchmarks/benchmarks/schuppan/O1formula/O1formula10": {
      "status": true,
      "rtime": 0.01,
      "clauses": 12
    },
    "/AIJ-artifact/LTL-as-LTLf/benchmarks/benchmarks/schuppan/O1formula/O1formula400": {
      "status": false,
      "rtime": 10000,
      "clauses": 402
    },
    "/AIJ-artifact/LTL-as-LTLf/benchmarks/benchmarks/schuppan/O1formula/O1formula50": {
      "status": true,
      "rtime": 0.87,
      "clauses": 52
    },
    "/AIJ-artifact/LTL-as-LTLf/benchmarks/benchmarks/schuppan/O1formula/O1formula4": {
      "status": true,
      "rtime": 0.000378,
      "clauses": 6
    },
    "/AIJ-artifact/LTL-as-LTLf/benchmarks/benchmarks/schuppan/O1formula/O1formula20": {
      "status": true,
      "rtime": 0.08,
      "clauses": 22
    },
    "/AIJ-artifact/LTL-as-LTLf/benchmarks/benchmarks/schuppan/O1formula/O1formula200": {
      "status": true,
      "rtime": 51.09,
      "clauses": 202
    },
    "/AIJ-artifact/LTL-as-LTLf/benchmarks/benchmarks/schuppan/O1formula/O1formula700": {
      "status": false,
      "rtime": 10000,
      "clauses": 702
    }
  }
}