{
  "preamble": {
    "program": "NuSMV-S",
    "prog_alias": "ltlfuc_sat",
    "benchmark": "Li-et-al-AIJ2020-benchmark"
  },
  "stats": {
    "/AIJ-artifact/LTL-as-LTLf/benchmarks/benchmarks/schuppan/O1formula/O1formula40": {
      "status": true,
      "rtime": 0.01,
      "clauses": 42
    },
    "/AIJ-artifact/LTL-as-LTLf/benchmarks/benchmarks/schuppan/O1formula/O1formula300": {
      "status": true,
      "rtime": 0.98,
      "clauses": 302
    },
    "/AIJ-artifact/LTL-as-LTLf/benchmarks/benchmarks/schuppan/O1formula/O1formula600": {
      "status": true,
      "rtime": 1.84,
      "clauses": 602
    },
    "/AIJ-artifact/LTL-as-LTLf/benchmarks/benchmarks/schuppan/O1formula/O1formula6": {
      "status": true,
      "rtime": 0.01,
      "clauses": 8
    },
    "/AIJ-artifact/LTL-as-LTLf/benchmarks/benchmarks/schuppan/O1formula/O1formula90": {
      "status": true,
      "rtime": 0.04,
      "clauses": 92
    },
    "/AIJ-artifact/LTL-as-LTLf/benchmarks/benchmarks/schuppan/O1formula/O1formula100": {
      "status": true,
      "rtime": 0.04,
      "clauses": 102
    },
    "/AIJ-artifact/LTL-as-LTLf/benchmarks/benchmarks/schuppan/O1formula/O1formula70": {
      "status": true,
      "rtime": 0.03,
      "clauses": 72
    },
    "/AIJ-artifact/LTL-as-LTLf/benchmarks/benchmarks/schuppan/O1formula/O1formula500": {
      "status": true,
      "rtime": 1.59,
      "clauses": 502
    },
    "/AIJ-artifact/LTL-as-LTLf/benchmarks/benchmarks/schuppan/O1formula/O1formula60": {
      "status": true,
      "rtime": 0.02,
      "clauses": 62
    },
    "/AIJ-artifact/LTL-as-LTLf/benchmarks/benchmarks/schuppan/O1formula/O1formula9": {
      "status": true,
      "rtime": 0.01,
      "clauses": 11
    },
    "/AIJ-artifact/LTL-as-LTLf/benchmarks/benchmarks/schuppan/O1formula/O1formula800": {
      "status": true,
      "rtime": 2.47,
      "clauses": 802
    },
    "/AIJ-artifact/LTL-as-LTLf/benchmarks/benchmarks/schuppan/O1formula/O1formula1000": {
      "status": true,
      "rtime": 3.33,
      "clauses": 1002
    },
    "/AIJ-artifact/LTL-as-LTLf/benchmarks/benchmarks/schuppan/O1formula/O1formula80": {
      "status": true,
      "rtime": 0.03,
      "clauses": 82
    },
    "/AIJ-artifact/LTL-as-LTLf/benchmarks/benchmarks/schuppan/O1formula/O1formula900": {
      "status": true,
      "rtime": 2.86,
      "clauses": 902
    },
    "/AIJ-artifact/LTL-as-LTLf/benchmarks/benchmarks/schuppan/O1formula/O1formula7": {
      "status": true,
      "rtime": 0.01,
      "clauses": 9
    },
    "/AIJ-artifact/LTL-as-LTLf/benchmarks/benchmarks/schuppan/O1formula/O1formula8": {
      "status": true,
      "rtime": 0.000378,
      "clauses": 10
    },
    "/AIJ-artifact/LTL-as-LTLf/benchmarks/benchmarks/schuppan/O1formula/O1formula3": {
      "status": true,
      "rtime": 0.000378,
      "clauses": 5
    },
    "/AIJ-artifact/LTL-as-LTLf/benchmarks/benchmarks/schuppan/O1formula/O1formula5": {
      "status": true,
      "rtime": 0.01,
      "clauses": 7
    },
    "/AIJ-artifact/LTL-as-LTLf/benchmarks/benchmarks/schuppan/O1formula/O1formula2": {
      "status": true,
      "rtime": 0.000378,
      "clauses": 4
    },
    "/AIJ-artifact/LTL-as-LTLf/benchmarks/benchmarks/schuppan/O1formula/O1formula30": {
      "status": true,
      "rtime": 0.01,
      "clauses": 32
    },
    "/AIJ-artifact/LTL-as-LTLf/benchmarks/benchmarks/schuppan/O1formula/O1formula10": {
      "status": true,
      "rtime": 0.01,
      "clauses": 12
    },
    "/AIJ-artifact/LTL-as-LTLf/benchmarks/benchmarks/schuppan/O1formula/O1formula400": {
      "status": true,
      "rtime": 1.43,
      "clauses": 402
    },
    "/AIJ-artifact/LTL-as-LTLf/benchmarks/benchmarks/schuppan/O1formula/O1formula50": {
      "status": true,
      "rtime": 0.02,
      "clauses": 52
    },
    "/AIJ-artifact/LTL-as-LTLf/benchmarks/benchmarks/schuppan/O1formula/O1formula4": {
      "status": true,
      "rtime": 0.000378,
      "clauses": 6
    },
    "/AIJ-artifact/LTL-as-LTLf/benchmarks/benchmarks/schuppan/O1formula/O1formula20": {
      "status": true,
      "rtime": 0.01,
      "clauses": 22
    },
    "/AIJ-artifact/LTL-as-LTLf/benchmarks/benchmarks/schuppan/O1formula/O1formula200": {
      "status": true,
      "rtime": 0.58,
      "clauses": 202
    },
    "/AIJ-artifact/LTL-as-LTLf/benchmarks/benchmarks/schuppan/O1formula/O1formula700": {
      "status": true,
      "rtime": 2.11,
      "clauses": 702
    }
  }
}