{
  "preamble": {
    "program": "NuSMV-S",
    "prog_alias": "ltlfuc_sat",
    "benchmark": "Li-et-al-AIJ2020-benchmark"
  },
  "stats": {
    "/AIJ-artifact/LTL-as-LTLf/benchmarks/benchmarks/anzu/genbuf/genbuf/spec13.negated": {
      "status": true,
      "rtime": 20001,
      "clauses": 1
    },
    "/AIJ-artifact/LTL-as-LTLf/benchmarks/benchmarks/anzu/genbuf/genbuf/spec2.negated": {
      "status": true,
      "rtime": 20001,
      "clauses": 1
    },
    "/AIJ-artifact/LTL-as-LTLf/benchmarks/benchmarks/anzu/genbuf/genbuf/spec11.negated": {
      "status": true,
      "rtime": 20001,
      "clauses": 1
    },
    "/AIJ-artifact/LTL-as-LTLf/benchmarks/benchmarks/anzu/genbuf/genbuf/spec10.negated": {
      "status": true,
      "rtime": 20001,
      "clauses": 1
    },
    "/AIJ-artifact/LTL-as-LTLf/benchmarks/benchmarks/anzu/genbuf/genbuf/spec14.negated": {
      "status": true,
      "rtime": 20001,
      "clauses": 1
    },
    "/AIJ-artifact/LTL-as-LTLf/benchmarks/benchmarks/anzu/genbuf/genbuf/spec7.negated": {
      "status": true,
      "rtime": 20001,
      "clauses": 1
    },
    "/AIJ-artifact/LTL-as-LTLf/benchmarks/benchmarks/anzu/genbuf/genbuf/spec18.negated": {
      "status": true,
      "rtime": 20001,
      "clauses": 1
    },
    "/AIJ-artifact/LTL-as-LTLf/benchmarks/benchmarks/anzu/genbuf/genbuf/spec12.negated": {
      "status": true,
      "rtime": 20001,
      "clauses": 1
    },
    "/AIJ-artifact/LTL-as-LTLf/benchmarks/benchmarks/anzu/genbuf/genbuf/spec16.negated": {
      "status": true,
      "rtime": 20001,
      "clauses": 1
    },
    "/AIJ-artifact/LTL-as-LTLf/benchmarks/benchmarks/anzu/genbuf/genbuf/spec19.negated": {
      "status": true,
      "rtime": 20001,
      "clauses": 1
    },
    "/AIJ-artifact/LTL-as-LTLf/benchmarks/benchmarks/anzu/genbuf/genbuf/spec20.negated": {
      "status": true,
      "rtime": 20001,
      "clauses": 1
    },
    "/AIJ-artifact/LTL-as-LTLf/benchmarks/benchmarks/anzu/genbuf/genbuf/spec4.negated": {
      "status": true,
      "rtime": 20001,
      "clauses": 1
    },
    "/AIJ-artifact/LTL-as-LTLf/benchmarks/benchmarks/anzu/genbuf/genbuf/spec3.negated": {
      "status": true,
      "rtime": 20001,
      "clauses": 1
    },
    "/AIJ-artifact/LTL-as-LTLf/benchmarks/benchmarks/anzu/genbuf/genbuf/spec9.negated": {
      "status": true,
      "rtime": 20001,
      "clauses": 1
    },
    "/AIJ-artifact/LTL-as-LTLf/benchmarks/benchmarks/anzu/genbuf/genbuf/spec15.negated": {
      "status": true,
      "rtime": 20001,
      "clauses": 1
    },
    "/AIJ-artifact/LTL-as-LTLf/benchmarks/benchmarks/anzu/genbuf/genbuf/spec8.negated": {
      "status": true,
      "rtime": 20001,
      "clauses": 1
    },
    "/AIJ-artifact/LTL-as-LTLf/benchmarks/benchmarks/anzu/genbuf/genbuf/spec5.negated": {
      "status": true,
      "rtime": 20001,
      "clauses": 1
    },
    "/AIJ-artifact/LTL-as-LTLf/benchmarks/benchmarks/anzu/genbuf/genbuf/spec1.negated": {
      "status": true,
      "rtime": 20001,
      "clauses": 1
    },
    "/AIJ-artifact/LTL-as-LTLf/benchmarks/benchmarks/anzu/genbuf/genbuf/spec17.negated": {
      "status": true,
      "rtime": 20001,
      "clauses": 1
    },
    "/AIJ-artifact/LTL-as-LTLf/benchmarks/benchmarks/anzu/genbuf/genbuf/spec6.negated": {
      "status": true,
      "rtime": 20001,
      "clauses": 1
    }
  }
}