{
  "preamble": {
    "program": "NuSMV-S",
    "prog_alias": "ltlfuc_sat",
    "benchmark": "Li-et-al-AIJ2020-benchmark"
  },
  "stats": {
    "/AIJ-artifact/LTL-as-LTLf/benchmarks/benchmarks/alaska/lift/lift_l/lift_l_14": {
      "status": true,
      "rtime": 75.32000000000001,
      "clauses": 39
    },
    "/AIJ-artifact/LTL-as-LTLf/benchmarks/benchmarks/alaska/lift/lift_l/lift_l_8": {
      "status": true,
      "rtime": 78.80000000000001,
      "clauses": 27
    },
    "/AIJ-artifact/LTL-as-LTLf/benchmarks/benchmarks/alaska/lift/lift_l/lift_l_2": {
      "status": true,
      "rtime": 69.58,
      "clauses": 15
    },
    "/AIJ-artifact/LTL-as-LTLf/benchmarks/benchmarks/alaska/lift/lift_l/lift_l_18": {
      "status": true,
      "rtime": 73.47,
      "clauses": 47
    },
    "/AIJ-artifact/LTL-as-LTLf/benchmarks/benchmarks/alaska/lift/lift_l/lift_l_3": {
      "status": true,
      "rtime": 80.0,
      "clauses": 17
    },
    "/AIJ-artifact/LTL-as-LTLf/benchmarks/benchmarks/alaska/lift/lift_l/lift_l_6": {
      "status": true,
      "rtime": 64.68,
      "clauses": 23
    },
    "/AIJ-artifact/LTL-as-LTLf/benchmarks/benchmarks/alaska/lift/lift_l/lift_l_12": {
      "status": true,
      "rtime": 73.46000000000001,
      "clauses": 35
    },
    "/AIJ-artifact/LTL-as-LTLf/benchmarks/benchmarks/alaska/lift/lift_l/lift_l_5": {
      "status": true,
      "rtime": 79.81,
      "clauses": 21
    },
    "/AIJ-artifact/LTL-as-LTLf/benchmarks/benchmarks/alaska/lift/lift_l/lift_l_11": {
      "status": true,
      "rtime": 64.94000000000001,
      "clauses": 33
    },
    "/AIJ-artifact/LTL-as-LTLf/benchmarks/benchmarks/alaska/lift/lift_l/lift_l_10": {
      "status": true,
      "rtime": 66.85000000000001,
      "clauses": 31
    },
    "/AIJ-artifact/LTL-as-LTLf/benchmarks/benchmarks/alaska/lift/lift_l/lift_l_7": {
      "status": false,
      "rtime": 7200,
      "clauses": 25
    },
    "/AIJ-artifact/LTL-as-LTLf/benchmarks/benchmarks/alaska/lift/lift_l/lift_l_15": {
      "status": true,
      "rtime": 73.09,
      "clauses": 41
    },
    "/AIJ-artifact/LTL-as-LTLf/benchmarks/benchmarks/alaska/lift/lift_l/lift_l_17": {
      "status": false,
      "rtime": 7200,
      "clauses": 45
    },
    "/AIJ-artifact/LTL-as-LTLf/benchmarks/benchmarks/alaska/lift/lift_l/lift_l_9": {
      "status": true,
      "rtime": 72.72,
      "clauses": 29
    },
    "/AIJ-artifact/LTL-as-LTLf/benchmarks/benchmarks/alaska/lift/lift_l/lift_l_13": {
      "status": true,
      "rtime": 65.59,
      "clauses": 37
    },
    "/AIJ-artifact/LTL-as-LTLf/benchmarks/benchmarks/alaska/lift/lift_l/lift_l_16": {
      "status": true,
      "rtime": 71.51,
      "clauses": 43
    },
    "/AIJ-artifact/LTL-as-LTLf/benchmarks/benchmarks/alaska/lift/lift_l/lift_l_4": {
      "status": true,
      "rtime": 79.71000000000001,
      "clauses": 19
    }
  }
}