{
  "preamble": {
    "program": "AALTAF",
    "prog_alias": "aaltafuc",
    "benchmark": "Li-et-al-AIJ2020-benchmark"
  },
  "stats": {
    "/AIJ-artifact/LTL-as-LTLf/benchmarks/benchmarks/anzu/amba/amba_c/spec_c_11": {
      "status": true,
      "rtime": 0.141025,
      "clauses": 231
    },
    "/AIJ-artifact/LTL-as-LTLf/benchmarks/benchmarks/anzu/amba/amba_c/spec_c_13": {
      "status": true,
      "rtime": 0.144755,
      "clauses": 265
    },
    "/AIJ-artifact/LTL-as-LTLf/benchmarks/benchmarks/anzu/amba/amba_c/spec_c_5": {
      "status": true,
      "rtime": 0.087133,
      "clauses": 128
    },
    "/AIJ-artifact/LTL-as-LTLf/benchmarks/benchmarks/anzu/amba/amba_c/spec_c_7": {
      "status": true,
      "rtime": 0.121576,
      "clauses": 162
    },
    "/AIJ-artifact/LTL-as-LTLf/benchmarks/benchmarks/anzu/amba/amba_c/spec_c_17": {
      "status": true,
      "rtime": 0.32789,
      "clauses": 334
    },
    "/AIJ-artifact/LTL-as-LTLf/benchmarks/benchmarks/anzu/amba/amba_c/spec_c_10": {
      "status": true,
      "rtime": 0.123549,
      "clauses": 214
    },
    "/AIJ-artifact/LTL-as-LTLf/benchmarks/benchmarks/anzu/amba/amba_c/spec_c_18": {
      "status": true,
      "rtime": 0.506485,
      "clauses": 351
    },
    "/AIJ-artifact/LTL-as-LTLf/benchmarks/benchmarks/anzu/amba/amba_c/spec_c_4": {
      "status": true,
      "rtime": 0.063453,
      "clauses": 110
    },
    "/AIJ-artifact/LTL-as-LTLf/benchmarks/benchmarks/anzu/amba/amba_c/spec_c_15": {
      "status": true,
      "rtime": 0.362799,
      "clauses": 299
    },
    "/AIJ-artifact/LTL-as-LTLf/benchmarks/benchmarks/anzu/amba/amba_c/spec_c_6": {
      "status": true,
      "rtime": 0.100127,
      "clauses": 145
    },
    "/AIJ-artifact/LTL-as-LTLf/benchmarks/benchmarks/anzu/amba/amba_c/spec_c_14": {
      "status": true,
      "rtime": 0.321352,
      "clauses": 282
    },
    "/AIJ-artifact/LTL-as-LTLf/benchmarks/benchmarks/anzu/amba/amba_c/spec_c_9": {
      "status": true,
      "rtime": 0.097324,
      "clauses": 197
    },
    "/AIJ-artifact/LTL-as-LTLf/benchmarks/benchmarks/anzu/amba/amba_c/spec_c_3": {
      "status": true,
      "rtime": 0.032184,
      "clauses": 93
    },
    "/AIJ-artifact/LTL-as-LTLf/benchmarks/benchmarks/anzu/amba/amba_c/spec_c_2": {
      "status": true,
      "rtime": 0.904864,
      "clauses": 75
    },
    "/AIJ-artifact/LTL-as-LTLf/benchmarks/benchmarks/anzu/amba/amba_c/spec_c_12": {
      "status": true,
      "rtime": 0.141348,
      "clauses": 248
    },
    "/AIJ-artifact/LTL-as-LTLf/benchmarks/benchmarks/anzu/amba/amba_c/spec_c_16": {
      "status": false,
      "rtime": 10000,
      "clauses": 316
    },
    "/AIJ-artifact/LTL-as-LTLf/benchmarks/benchmarks/anzu/amba/amba_c/spec_c_8": {
      "status": false,
      "rtime": 10000,
      "clauses": 179
    }
  }
}