{
  "preamble": {
    "program": "NuSMV-S",
    "prog_alias": "ltlfuc_sat",
    "benchmark": "Li-et-al-AIJ2020-benchmark"
  },
  "stats": {
    "/AIJ-artifact/LTL-as-LTLf/benchmarks/benchmarks/anzu/amba/amba_c/spec_c_11": {
      "status": true,
      "rtime": 66.94000000000001,
      "clauses": 231
    },
    "/AIJ-artifact/LTL-as-LTLf/benchmarks/benchmarks/anzu/amba/amba_c/spec_c_13": {
      "status": true,
      "rtime": 63.65,
      "clauses": 265
    },
    "/AIJ-artifact/LTL-as-LTLf/benchmarks/benchmarks/anzu/amba/amba_c/spec_c_5": {
      "status": true,
      "rtime": 60.53,
      "clauses": 128
    },
    "/AIJ-artifact/LTL-as-LTLf/benchmarks/benchmarks/anzu/amba/amba_c/spec_c_7": {
      "status": true,
      "rtime": 77.73,
      "clauses": 162
    },
    "/AIJ-artifact/LTL-as-LTLf/benchmarks/benchmarks/anzu/amba/amba_c/spec_c_17": {
      "status": true,
      "rtime": 76.48,
      "clauses": 334
    },
    "/AIJ-artifact/LTL-as-LTLf/benchmarks/benchmarks/anzu/amba/amba_c/spec_c_10": {
      "status": true,
      "rtime": 70.75,
      "clauses": 214
    },
    "/AIJ-artifact/LTL-as-LTLf/benchmarks/benchmarks/anzu/amba/amba_c/spec_c_18": {
      "status": true,
      "rtime": 60.53,
      "clauses": 351
    },
    "/AIJ-artifact/LTL-as-LTLf/benchmarks/benchmarks/anzu/amba/amba_c/spec_c_4": {
      "status": true,
      "rtime": 76.54,
      "clauses": 110
    },
    "/AIJ-artifact/LTL-as-LTLf/benchmarks/benchmarks/anzu/amba/amba_c/spec_c_15": {
      "status": true,
      "rtime": 72.65,
      "clauses": 299
    },
    "/AIJ-artifact/LTL-as-LTLf/benchmarks/benchmarks/anzu/amba/amba_c/spec_c_6": {
      "status": true,
      "rtime": 78.83,
      "clauses": 145
    },
    "/AIJ-artifact/LTL-as-LTLf/benchmarks/benchmarks/anzu/amba/amba_c/spec_c_14": {
      "status": true,
      "rtime": 66.26,
      "clauses": 282
    },
    "/AIJ-artifact/LTL-as-LTLf/benchmarks/benchmarks/anzu/amba/amba_c/spec_c_9": {
      "status": true,
      "rtime": 74.13000000000001,
      "clauses": 197
    },
    "/AIJ-artifact/LTL-as-LTLf/benchmarks/benchmarks/anzu/amba/amba_c/spec_c_3": {
      "status": true,
      "rtime": 70.87,
      "clauses": 93
    },
    "/AIJ-artifact/LTL-as-LTLf/benchmarks/benchmarks/anzu/amba/amba_c/spec_c_2": {
      "status": true,
      "rtime": 73.86,
      "clauses": 75
    },
    "/AIJ-artifact/LTL-as-LTLf/benchmarks/benchmarks/anzu/amba/amba_c/spec_c_12": {
      "status": true,
      "rtime": 69.91000000000001,
      "clauses": 248
    },
    "/AIJ-artifact/LTL-as-LTLf/benchmarks/benchmarks/anzu/amba/amba_c/spec_c_16": {
      "status": true,
      "rtime": 62.769999999999996,
      "clauses": 316
    },
    "/AIJ-artifact/LTL-as-LTLf/benchmarks/benchmarks/anzu/amba/amba_c/spec_c_8": {
      "status": true,
      "rtime": 68.42,
      "clauses": 179
    }
  }
}