{
  "preamble": {
    "program": "TRP++",
    "prog_alias": "trppp",
    "benchmark": "Li-et-al-AIJ2020-benchmark"
  },
  "stats": {
    "/AIJ-artifact/LTL-as-LTLf/benchmarks/benchmarks/alaska/lift/lift/lift_16": {
      "status": false,
      "rtime": 20001,
      "clauses": 27
    },
    "/AIJ-artifact/LTL-as-LTLf/benchmarks/benchmarks/alaska/lift/lift/lift_12": {
      "status": false,
      "rtime": 20001,
      "clauses": 23
    },
    "/AIJ-artifact/LTL-as-LTLf/benchmarks/benchmarks/alaska/lift/lift/lift_4": {
      "status": false,
      "rtime": 20001,
      "clauses": 15
    },
    "/AIJ-artifact/LTL-as-LTLf/benchmarks/benchmarks/alaska/lift/lift/lift_8": {
      "status": false,
      "rtime": 20001,
      "clauses": 19
    },
    "/AIJ-artifact/LTL-as-LTLf/benchmarks/benchmarks/alaska/lift/lift/lift_9": {
      "status": false,
      "rtime": 20001,
      "clauses": 20
    },
    "/AIJ-artifact/LTL-as-LTLf/benchmarks/benchmarks/alaska/lift/lift/lift_17": {
      "status": false,
      "rtime": 20001,
      "clauses": 28
    },
    "/AIJ-artifact/LTL-as-LTLf/benchmarks/benchmarks/alaska/lift/lift/lift_3": {
      "status": false,
      "rtime": 20001,
      "clauses": 14
    },
    "/AIJ-artifact/LTL-as-LTLf/benchmarks/benchmarks/alaska/lift/lift/lift_5": {
      "status": false,
      "rtime": 20001,
      "clauses": 16
    },
    "/AIJ-artifact/LTL-as-LTLf/benchmarks/benchmarks/alaska/lift/lift/lift_11": {
      "status": false,
      "rtime": 20001,
      "clauses": 22
    },
    "/AIJ-artifact/LTL-as-LTLf/benchmarks/benchmarks/alaska/lift/lift/lift_7": {
      "status": false,
      "rtime": 20001,
      "clauses": 18
    },
    "/AIJ-artifact/LTL-as-LTLf/benchmarks/benchmarks/alaska/lift/lift/lift_6": {
      "status": false,
      "rtime": 20001,
      "clauses": 17
    },
    "/AIJ-artifact/LTL-as-LTLf/benchmarks/benchmarks/alaska/lift/lift/lift_18": {
      "status": false,
      "rtime": 20001,
      "clauses": 29
    },
    "/AIJ-artifact/LTL-as-LTLf/benchmarks/benchmarks/alaska/lift/lift/lift_2": {
      "status": true,
      "rtime": 24.683,
      "clauses": 13
    },
    "/AIJ-artifact/LTL-as-LTLf/benchmarks/benchmarks/alaska/lift/lift/lift_10": {
      "status": false,
      "rtime": 20001,
      "clauses": 21
    },
    "/AIJ-artifact/LTL-as-LTLf/benchmarks/benchmarks/alaska/lift/lift/lift_13": {
      "status": false,
      "rtime": 20001,
      "clauses": 24
    },
    "/AIJ-artifact/LTL-as-LTLf/benchmarks/benchmarks/alaska/lift/lift/lift_15": {
      "status": false,
      "rtime": 20001,
      "clauses": 26
    },
    "/AIJ-artifact/LTL-as-LTLf/benchmarks/benchmarks/alaska/lift/lift/lift_14": {
      "status": false,
      "rtime": 20001,
      "clauses": 25
    }
  }
}