{
  "preamble": {
    "program": "AALTAF",
    "prog_alias": "aaltafuc",
    "benchmark": "Li-et-al-AIJ2020-benchmark"
  },
  "stats": {
    "/AIJ-artifact/LTL-as-LTLf/benchmarks/benchmarks/rozier/counter/counterCarryLinear/counterCarryLinear3": {
      "status": true,
      "rtime": 0.132694,
      "clauses": 8
    },
    "/AIJ-artifact/LTL-as-LTLf/benchmarks/benchmarks/rozier/counter/counterCarryLinear/counterCarryLinear4": {
      "status": true,
      "rtime": 3.772273,
      "clauses": 8
    },
    "/AIJ-artifact/LTL-as-LTLf/benchmarks/benchmarks/rozier/counter/counterCarryLinear/counterCarryLinear2": {
      "status": true,
      "rtime": 0.02197,
      "clauses": 8
    },
    "/AIJ-artifact/LTL-as-LTLf/benchmarks/benchmarks/rozier/counter/counterCarryLinear/counterCarryLinear5": {
      "status": true,
      "rtime": 254.500792,
      "clauses": 8
    },
    "/AIJ-artifact/LTL-as-LTLf/benchmarks/benchmarks/rozier/counter/counterCarryLinear/counterCarryLinear15": {
      "status": false,
      "rtime": 20001,
      "clauses": 8
    },
    "/AIJ-artifact/LTL-as-LTLf/benchmarks/benchmarks/rozier/counter/counterCarryLinear/counterCarryLinear10": {
      "status": false,
      "rtime": 20001,
      "clauses": 8
    },
    "/AIJ-artifact/LTL-as-LTLf/benchmarks/benchmarks/rozier/counter/counterCarryLinear/counterCarryLinear13": {
      "status": false,
      "rtime": 20001,
      "clauses": 8
    },
    "/AIJ-artifact/LTL-as-LTLf/benchmarks/benchmarks/rozier/counter/counterCarryLinear/counterCarryLinear14": {
      "status": false,
      "rtime": 20001,
      "clauses": 8
    },
    "/AIJ-artifact/LTL-as-LTLf/benchmarks/benchmarks/rozier/counter/counterCarryLinear/counterCarryLinear8": {
      "status": false,
      "rtime": 20001,
      "clauses": 8
    },
    "/AIJ-artifact/LTL-as-LTLf/benchmarks/benchmarks/rozier/counter/counterCarryLinear/counterCarryLinear11": {
      "status": false,
      "rtime": 20001,
      "clauses": 8
    },
    "/AIJ-artifact/LTL-as-LTLf/benchmarks/benchmarks/rozier/counter/counterCarryLinear/counterCarryLinear9": {
      "status": false,
      "rtime": 20001,
      "clauses": 8
    },
    "/AIJ-artifact/LTL-as-LTLf/benchmarks/benchmarks/rozier/counter/counterCarryLinear/counterCarryLinear19": {
      "status": false,
      "rtime": 20001,
      "clauses": 8
    },
    "/AIJ-artifact/LTL-as-LTLf/benchmarks/benchmarks/rozier/counter/counterCarryLinear/counterCarryLinear12": {
      "status": false,
      "rtime": 20001,
      "clauses": 8
    },
    "/AIJ-artifact/LTL-as-LTLf/benchmarks/benchmarks/rozier/counter/counterCarryLinear/counterCarryLinear6": {
      "status": false,
      "rtime": 20001,
      "clauses": 8
    },
    "/AIJ-artifact/LTL-as-LTLf/benchmarks/benchmarks/rozier/counter/counterCarryLinear/counterCarryLinear20": {
      "status": false,
      "rtime": 20001,
      "clauses": 8
    },
    "/AIJ-artifact/LTL-as-LTLf/benchmarks/benchmarks/rozier/counter/counterCarryLinear/counterCarryLinear7": {
      "status": false,
      "rtime": 20001,
      "clauses": 8
    },
    "/AIJ-artifact/LTL-as-LTLf/benchmarks/benchmarks/rozier/counter/counterCarryLinear/counterCarryLinear18": {
      "status": false,
      "rtime": 20001,
      "clauses": 8
    },
    "/AIJ-artifact/LTL-as-LTLf/benchmarks/benchmarks/rozier/counter/counterCarryLinear/counterCarryLinear16": {
      "status": false,
      "rtime": 20001,
      "clauses": 8
    },
    "/AIJ-artifact/LTL-as-LTLf/benchmarks/benchmarks/rozier/counter/counterCarryLinear/counterCarryLinear17": {
      "status": false,
      "rtime": 20001,
      "clauses": 8
    }
  }
}