{
  "preamble": {
    "program": "NuSMV-B",
    "prog_alias": "ltlfuc_bdd",
    "benchmark": "Li-et-al-AIJ2020-benchmark"
  },
  "stats": {
    "/AIJ-artifact/LTL-as-LTLf/benchmarks/benchmarks/rozier/counter/counterCarryLinear/counterCarryLinear3": {
      "status": true,
      "rtime": 0.04,
      "clauses": 8
    },
    "/AIJ-artifact/LTL-as-LTLf/benchmarks/benchmarks/rozier/counter/counterCarryLinear/counterCarryLinear4": {
      "status": true,
      "rtime": 0.06,
      "clauses": 8
    },
    "/AIJ-artifact/LTL-as-LTLf/benchmarks/benchmarks/rozier/counter/counterCarryLinear/counterCarryLinear2": {
      "status": true,
      "rtime": 0.02,
      "clauses": 8
    },
    "/AIJ-artifact/LTL-as-LTLf/benchmarks/benchmarks/rozier/counter/counterCarryLinear/counterCarryLinear5": {
      "status": true,
      "rtime": 0.12,
      "clauses": 8
    },
    "/AIJ-artifact/LTL-as-LTLf/benchmarks/benchmarks/rozier/counter/counterCarryLinear/counterCarryLinear15": {
      "status": true,
      "rtime": 9.67,
      "clauses": 8
    },
    "/AIJ-artifact/LTL-as-LTLf/benchmarks/benchmarks/rozier/counter/counterCarryLinear/counterCarryLinear10": {
      "status": true,
      "rtime": 1.78,
      "clauses": 8
    },
    "/AIJ-artifact/LTL-as-LTLf/benchmarks/benchmarks/rozier/counter/counterCarryLinear/counterCarryLinear13": {
      "status": true,
      "rtime": 4.8,
      "clauses": 8
    },
    "/AIJ-artifact/LTL-as-LTLf/benchmarks/benchmarks/rozier/counter/counterCarryLinear/counterCarryLinear14": {
      "status": true,
      "rtime": 12.62,
      "clauses": 8
    },
    "/AIJ-artifact/LTL-as-LTLf/benchmarks/benchmarks/rozier/counter/counterCarryLinear/counterCarryLinear8": {
      "status": true,
      "rtime": 0.41,
      "clauses": 8
    },
    "/AIJ-artifact/LTL-as-LTLf/benchmarks/benchmarks/rozier/counter/counterCarryLinear/counterCarryLinear11": {
      "status": true,
      "rtime": 2.31,
      "clauses": 8
    },
    "/AIJ-artifact/LTL-as-LTLf/benchmarks/benchmarks/rozier/counter/counterCarryLinear/counterCarryLinear9": {
      "status": true,
      "rtime": 0.71,
      "clauses": 8
    },
    "/AIJ-artifact/LTL-as-LTLf/benchmarks/benchmarks/rozier/counter/counterCarryLinear/counterCarryLinear19": {
      "status": true,
      "rtime": 24.43,
      "clauses": 8
    },
    "/AIJ-artifact/LTL-as-LTLf/benchmarks/benchmarks/rozier/counter/counterCarryLinear/counterCarryLinear12": {
      "status": true,
      "rtime": 5.59,
      "clauses": 8
    },
    "/AIJ-artifact/LTL-as-LTLf/benchmarks/benchmarks/rozier/counter/counterCarryLinear/counterCarryLinear6": {
      "status": true,
      "rtime": 0.2,
      "clauses": 8
    },
    "/AIJ-artifact/LTL-as-LTLf/benchmarks/benchmarks/rozier/counter/counterCarryLinear/counterCarryLinear20": {
      "status": true,
      "rtime": 13.05,
      "clauses": 8
    },
    "/AIJ-artifact/LTL-as-LTLf/benchmarks/benchmarks/rozier/counter/counterCarryLinear/counterCarryLinear7": {
      "status": true,
      "rtime": 0.27,
      "clauses": 8
    },
    "/AIJ-artifact/LTL-as-LTLf/benchmarks/benchmarks/rozier/counter/counterCarryLinear/counterCarryLinear18": {
      "status": true,
      "rtime": 18.66,
      "clauses": 8
    },
    "/AIJ-artifact/LTL-as-LTLf/benchmarks/benchmarks/rozier/counter/counterCarryLinear/counterCarryLinear16": {
      "status": true,
      "rtime": 13.45,
      "clauses": 8
    },
    "/AIJ-artifact/LTL-as-LTLf/benchmarks/benchmarks/rozier/counter/counterCarryLinear/counterCarryLinear17": {
      "status": true,
      "rtime": 32.88,
      "clauses": 8
    }
  }
}