{
  "preamble": {
    "program": "TRP++",
    "prog_alias": "trppp",
    "benchmark": "Li-et-al-AIJ2020-benchmark"
  },
  "stats": {
    "/AIJ-artifact/LTL-as-LTLf/benchmarks/benchmarks/rozier/counter/counterCarryLinear/counterCarryLinear3": {
      "status": true,
      "rtime": 0.427,
      "clauses": 8
    },
    "/AIJ-artifact/LTL-as-LTLf/benchmarks/benchmarks/rozier/counter/counterCarryLinear/counterCarryLinear4": {
      "status": true,
      "rtime": 1.67,
      "clauses": 8
    },
    "/AIJ-artifact/LTL-as-LTLf/benchmarks/benchmarks/rozier/counter/counterCarryLinear/counterCarryLinear2": {
      "status": true,
      "rtime": 0.137,
      "clauses": 8
    },
    "/AIJ-artifact/LTL-as-LTLf/benchmarks/benchmarks/rozier/counter/counterCarryLinear/counterCarryLinear5": {
      "status": true,
      "rtime": 8.446,
      "clauses": 8
    },
    "/AIJ-artifact/LTL-as-LTLf/benchmarks/benchmarks/rozier/counter/counterCarryLinear/counterCarryLinear15": {
      "status": false,
      "rtime": 10000,
      "clauses": 8
    },
    "/AIJ-artifact/LTL-as-LTLf/benchmarks/benchmarks/rozier/counter/counterCarryLinear/counterCarryLinear10": {
      "status": false,
      "rtime": 10000,
      "clauses": 8
    },
    "/AIJ-artifact/LTL-as-LTLf/benchmarks/benchmarks/rozier/counter/counterCarryLinear/counterCarryLinear13": {
      "status": false,
      "rtime": 10000,
      "clauses": 8
    },
    "/AIJ-artifact/LTL-as-LTLf/benchmarks/benchmarks/rozier/counter/counterCarryLinear/counterCarryLinear14": {
      "status": false,
      "rtime": 10000,
      "clauses": 8
    },
    "/AIJ-artifact/LTL-as-LTLf/benchmarks/benchmarks/rozier/counter/counterCarryLinear/counterCarryLinear8": {
      "status": false,
      "rtime": 10000,
      "clauses": 8
    },
    "/AIJ-artifact/LTL-as-LTLf/benchmarks/benchmarks/rozier/counter/counterCarryLinear/counterCarryLinear11": {
      "status": false,
      "rtime": 10000,
      "clauses": 8
    },
    "/AIJ-artifact/LTL-as-LTLf/benchmarks/benchmarks/rozier/counter/counterCarryLinear/counterCarryLinear9": {
      "status": false,
      "rtime": 10000,
      "clauses": 8
    },
    "/AIJ-artifact/LTL-as-LTLf/benchmarks/benchmarks/rozier/counter/counterCarryLinear/counterCarryLinear19": {
      "status": false,
      "rtime": 10000,
      "clauses": 8
    },
    "/AIJ-artifact/LTL-as-LTLf/benchmarks/benchmarks/rozier/counter/counterCarryLinear/counterCarryLinear12": {
      "status": false,
      "rtime": 10000,
      "clauses": 8
    },
    "/AIJ-artifact/LTL-as-LTLf/benchmarks/benchmarks/rozier/counter/counterCarryLinear/counterCarryLinear6": {
      "status": true,
      "rtime": 53.236,
      "clauses": 8
    },
    "/AIJ-artifact/LTL-as-LTLf/benchmarks/benchmarks/rozier/counter/counterCarryLinear/counterCarryLinear20": {
      "status": false,
      "rtime": 10000,
      "clauses": 8
    },
    "/AIJ-artifact/LTL-as-LTLf/benchmarks/benchmarks/rozier/counter/counterCarryLinear/counterCarryLinear7": {
      "status": true,
      "rtime": 436.922,
      "clauses": 8
    },
    "/AIJ-artifact/LTL-as-LTLf/benchmarks/benchmarks/rozier/counter/counterCarryLinear/counterCarryLinear18": {
      "status": false,
      "rtime": 10000,
      "clauses": 8
    },
    "/AIJ-artifact/LTL-as-LTLf/benchmarks/benchmarks/rozier/counter/counterCarryLinear/counterCarryLinear16": {
      "status": false,
      "rtime": 10000,
      "clauses": 8
    },
    "/AIJ-artifact/LTL-as-LTLf/benchmarks/benchmarks/rozier/counter/counterCarryLinear/counterCarryLinear17": {
      "status": false,
      "rtime": 10000,
      "clauses": 8
    }
  }
}