{
  "preamble": {
    "program": "NuSMV-B",
    "prog_alias": "ltlfuc_bdd",
    "benchmark": "Li-et-al-AIJ2020-benchmark"
  },
  "stats": {
    "/AIJ-artifact/LTLf-specific/benchmarks/benchmarks_ltlf/LTLfRandomConjunction/C100/90/N43": {
      "status": false,
      "rtime": 7200,
      "clauses": 123
    },
    "/AIJ-artifact/LTLf-specific/benchmarks/benchmarks_ltlf/LTLfRandomConjunction/C100/50/N40": {
      "status": false,
      "rtime": 7200,
      "clauses": 135
    },
    "/AIJ-artifact/LTLf-specific/benchmarks/benchmarks_ltlf/LTLfRandomConjunction/C100/40/N48": {
      "status": false,
      "rtime": 7200,
      "clauses": 124
    },
    "/AIJ-artifact/LTLf-specific/benchmarks/benchmarks_ltlf/LTLfRandomConjunction/C100/10/N5": {
      "status": false,
      "rtime": 7200,
      "clauses": 130
    },
    "/AIJ-artifact/LTLf-specific/benchmarks/benchmarks_ltlf/LTLfRandomConjunction/C100/10/N45": {
      "status": false,
      "rtime": 7200,
      "clauses": 132
    },
    "/AIJ-artifact/LTLf-specific/benchmarks/benchmarks_ltlf/LTLfRandomConjunction/C100/70/N4": {
      "status": false,
      "rtime": 7200,
      "clauses": 132
    },
    "/AIJ-artifact/LTLf-specific/benchmarks/benchmarks_ltlf/LTLfRandomConjunction/C100/10/N37": {
      "status": false,
      "rtime": 7200,
      "clauses": 130
    },
    "/AIJ-artifact/LTLf-specific/benchmarks/benchmarks_ltlf/LTLfRandomConjunction/C100/20/N37": {
      "status": false,
      "rtime": 7200,
      "clauses": 129
    },
    "/AIJ-artifact/LTLf-specific/benchmarks/benchmarks_ltlf/LTLfRandomConjunction/C100/30/N37": {
      "status": false,
      "rtime": 7200,
      "clauses": 138
    },
    "/AIJ-artifact/LTLf-specific/benchmarks/benchmarks_ltlf/LTLfRandomConjunction/C100/50/N43": {
      "status": false,
      "rtime": 7200,
      "clauses": 137
    },
    "/AIJ-artifact/LTLf-specific/benchmarks/benchmarks_ltlf/LTLfRandomConjunction/C100/70/N12": {
      "status": false,
      "rtime": 7200,
      "clauses": 128
    },
    "/AIJ-artifact/LTLf-specific/benchmarks/benchmarks_ltlf/LTLfRandomConjunction/C100/10/N13": {
      "status": false,
      "rtime": 7200,
      "clauses": 127
    },
    "/AIJ-artifact/LTLf-specific/benchmarks/benchmarks_ltlf/LTLfRandomConjunction/C100/80/N12": {
      "status": false,
      "rtime": 7200,
      "clauses": 120
    },
    "/AIJ-artifact/LTLf-specific/benchmarks/benchmarks_ltlf/LTLfRandomConjunction/C100/10/N24": {
      "status": false,
      "rtime": 7200,
      "clauses": 121
    },
    "/AIJ-artifact/LTLf-specific/benchmarks/benchmarks_ltlf/LTLfRandomConjunction/C100/40/N2": {
      "status": false,
      "rtime": 7200,
      "clauses": 133
    },
    "/AIJ-artifact/LTLf-specific/benchmarks/benchmarks_ltlf/LTLfRandomConjunction/C100/50/N37": {
      "status": false,
      "rtime": 7200,
      "clauses": 126
    },
    "/AIJ-artifact/LTLf-specific/benchmarks/benchmarks_ltlf/LTLfRandomConjunction/C100/90/N10": {
      "status": false,
      "rtime": 7200,
      "clauses": 122
    },
    "/AIJ-artifact/LTLf-specific/benchmarks/benchmarks_ltlf/LTLfRandomConjunction/C100/100/N14": {
      "status": false,
      "rtime": 7200,
      "clauses": 137
    },
    "/AIJ-artifact/LTLf-specific/benchmarks/benchmarks_ltlf/LTLfRandomConjunction/C100/80/N44": {
      "status": false,
      "rtime": 7200,
      "clauses": 127
    },
    "/AIJ-artifact/LTLf-specific/benchmarks/benchmarks_ltlf/LTLfRandomConjunction/C100/80/N18": {
      "status": false,
      "rtime": 7200,
      "clauses": 124
    },
    "/AIJ-artifact/LTLf-specific/benchmarks/benchmarks_ltlf/LTLfRandomConjunction/C100/40/N3": {
      "status": false,
      "rtime": 7200,
      "clauses": 138
    },
    "/AIJ-artifact/LTLf-specific/benchmarks/benchmarks_ltlf/LTLfRandomConjunction/C100/10/N25": {
      "status": false,
      "rtime": 7200,
      "clauses": 131
    },
    "/AIJ-artifact/LTLf-specific/benchmarks/benchmarks_ltlf/LTLfRandomConjunction/C100/90/N46": {
      "status": false,
      "rtime": 7200,
      "clauses": 132
    },
    "/AIJ-artifact/LTLf-specific/benchmarks/benchmarks_ltlf/LTLfRandomConjunction/C100/80/N13": {
      "status": false,
      "rtime": 7200,
      "clauses": 137
    },
    "/AIJ-artifact/LTLf-specific/benchmarks/benchmarks_ltlf/LTLfRandomConjunction/C100/30/N43": {
      "status": false,
      "rtime": 7200,
      "clauses": 128
    },
    "/AIJ-artifact/LTLf-specific/benchmarks/benchmarks_ltlf/LTLfRandomConjunction/C100/90/N34": {
      "status": false,
      "rtime": 7200,
      "clauses": 140
    },
    "/AIJ-artifact/LTLf-specific/benchmarks/benchmarks_ltlf/LTLfRandomConjunction/C100/10/N14": {
      "status": false,
      "rtime": 7200,
      "clauses": 126
    },
    "/AIJ-artifact/LTLf-specific/benchmarks/benchmarks_ltlf/LTLfRandomConjunction/C100/100/N35": {
      "status": false,
      "rtime": 7200,
      "clauses": 128
    },
    "/AIJ-artifact/LTLf-specific/benchmarks/benchmarks_ltlf/LTLfRandomConjunction/C100/10/N9": {
      "status": false,
      "rtime": 7200,
      "clauses": 142
    },
    "/AIJ-artifact/LTLf-specific/benchmarks/benchmarks_ltlf/LTLfRandomConjunction/C100/10/N35": {
      "status": false,
      "rtime": 7200,
      "clauses": 129
    },
    "/AIJ-artifact/LTLf-specific/benchmarks/benchmarks_ltlf/LTLfRandomConjunction/C100/100/N9": {
      "status": false,
      "rtime": 7200,
      "clauses": 130
    },
    "/AIJ-artifact/LTLf-specific/benchmarks/benchmarks_ltlf/LTLfRandomConjunction/C100/20/N29": {
      "status": false,
      "rtime": 7200,
      "clauses": 132
    },
    "/AIJ-artifact/LTLf-specific/benchmarks/benchmarks_ltlf/LTLfRandomConjunction/C100/60/N6": {
      "status": false,
      "rtime": 7200,
      "clauses": 129
    },
    "/AIJ-artifact/LTLf-specific/benchmarks/benchmarks_ltlf/LTLfRandomConjunction/C100/80/N33": {
      "status": false,
      "rtime": 7200,
      "clauses": 138
    },
    "/AIJ-artifact/LTLf-specific/benchmarks/benchmarks_ltlf/LTLfRandomConjunction/C100/30/N42": {
      "status": false,
      "rtime": 7200,
      "clauses": 139
    },
    "/AIJ-artifact/LTLf-specific/benchmarks/benchmarks_ltlf/LTLfRandomConjunction/C100/10/N28": {
      "status": false,
      "rtime": 7200,
      "clauses": 122
    },
    "/AIJ-artifact/LTLf-specific/benchmarks/benchmarks_ltlf/LTLfRandomConjunction/C100/100/N4": {
      "status": false,
      "rtime": 7200,
      "clauses": 131
    },
    "/AIJ-artifact/LTLf-specific/benchmarks/benchmarks_ltlf/LTLfRandomConjunction/C100/80/N25": {
      "status": false,
      "rtime": 7200,
      "clauses": 130
    },
    "/AIJ-artifact/LTLf-specific/benchmarks/benchmarks_ltlf/LTLfRandomConjunction/C100/40/N19": {
      "status": false,
      "rtime": 7200,
      "clauses": 126
    },
    "/AIJ-artifact/LTLf-specific/benchmarks/benchmarks_ltlf/LTLfRandomConjunction/C100/30/N2": {
      "status": false,
      "rtime": 7200,
      "clauses": 125
    },
    "/AIJ-artifact/LTLf-specific/benchmarks/benchmarks_ltlf/LTLfRandomConjunction/C100/80/N31": {
      "status": false,
      "rtime": 7200,
      "clauses": 129
    },
    "/AIJ-artifact/LTLf-specific/benchmarks/benchmarks_ltlf/LTLfRandomConjunction/C100/20/N4": {
      "status": false,
      "rtime": 7200,
      "clauses": 147
    },
    "/AIJ-artifact/LTLf-specific/benchmarks/benchmarks_ltlf/LTLfRandomConjunction/C100/20/N32": {
      "status": false,
      "rtime": 7200,
      "clauses": 134
    },
    "/AIJ-artifact/LTLf-specific/benchmarks/benchmarks_ltlf/LTLfRandomConjunction/C100/80/N10": {
      "status": false,
      "rtime": 7200,
      "clauses": 129
    },
    "/AIJ-artifact/LTLf-specific/benchmarks/benchmarks_ltlf/LTLfRandomConjunction/C100/80/N40": {
      "status": false,
      "rtime": 7200,
      "clauses": 127
    },
    "/AIJ-artifact/LTLf-specific/benchmarks/benchmarks_ltlf/LTLfRandomConjunction/C100/90/N20": {
      "status": false,
      "rtime": 7200,
      "clauses": 139
    },
    "/AIJ-artifact/LTLf-specific/benchmarks/benchmarks_ltlf/LTLfRandomConjunction/C100/40/N29": {
      "status": false,
      "rtime": 7200,
      "clauses": 123
    },
    "/AIJ-artifact/LTLf-specific/benchmarks/benchmarks_ltlf/LTLfRandomConjunction/C100/20/N40": {
      "status": false,
      "rtime": 7200,
      "clauses": 129
    },
    "/AIJ-artifact/LTLf-specific/benchmarks/benchmarks_ltlf/LTLfRandomConjunction/C100/70/N18": {
      "status": false,
      "rtime": 7200,
      "clauses": 144
    },
    "/AIJ-artifact/LTLf-specific/benchmarks/benchmarks_ltlf/LTLfRandomConjunction/C100/10/N42": {
      "status": false,
      "rtime": 7200,
      "clauses": 135
    },
    "/AIJ-artifact/LTLf-specific/benchmarks/benchmarks_ltlf/LTLfRandomConjunction/C100/70/N28": {
      "status": false,
      "rtime": 7200,
      "clauses": 142
    },
    "/AIJ-artifact/LTLf-specific/benchmarks/benchmarks_ltlf/LTLfRandomConjunction/C100/50/N39": {
      "status": false,
      "rtime": 7200,
      "clauses": 127
    },
    "/AIJ-artifact/LTLf-specific/benchmarks/benchmarks_ltlf/LTLfRandomConjunction/C100/90/N15": {
      "status": false,
      "rtime": 7200,
      "clauses": 133
    },
    "/AIJ-artifact/LTLf-specific/benchmarks/benchmarks_ltlf/LTLfRandomConjunction/C100/60/N13": {
      "status": false,
      "rtime": 7200,
      "clauses": 139
    },
    "/AIJ-artifact/LTLf-specific/benchmarks/benchmarks_ltlf/LTLfRandomConjunction/C100/30/N36": {
      "status": false,
      "rtime": 7200,
      "clauses": 129
    },
    "/AIJ-artifact/LTLf-specific/benchmarks/benchmarks_ltlf/LTLfRandomConjunction/C100/70/N37": {
      "status": false,
      "rtime": 7200,
      "clauses": 119
    },
    "/AIJ-artifact/LTLf-specific/benchmarks/benchmarks_ltlf/LTLfRandomConjunction/C100/90/N39": {
      "status": false,
      "rtime": 7200,
      "clauses": 126
    },
    "/AIJ-artifact/LTLf-specific/benchmarks/benchmarks_ltlf/LTLfRandomConjunction/C100/70/N49": {
      "status": false,
      "rtime": 7200,
      "clauses": 135
    },
    "/AIJ-artifact/LTLf-specific/benchmarks/benchmarks_ltlf/LTLfRandomConjunction/C100/60/N34": {
      "status": false,
      "rtime": 7200,
      "clauses": 128
    },
    "/AIJ-artifact/LTLf-specific/benchmarks/benchmarks_ltlf/LTLfRandomConjunction/C100/50/N45": {
      "status": false,
      "rtime": 7200,
      "clauses": 133
    },
    "/AIJ-artifact/LTLf-specific/benchmarks/benchmarks_ltlf/LTLfRandomConjunction/C100/70/N15": {
      "status": false,
      "rtime": 7200,
      "clauses": 125
    },
    "/AIJ-artifact/LTLf-specific/benchmarks/benchmarks_ltlf/LTLfRandomConjunction/C100/60/N3": {
      "status": false,
      "rtime": 7200,
      "clauses": 126
    },
    "/AIJ-artifact/LTLf-specific/benchmarks/benchmarks_ltlf/LTLfRandomConjunction/C100/50/N16": {
      "status": false,
      "rtime": 7200,
      "clauses": 131
    },
    "/AIJ-artifact/LTLf-specific/benchmarks/benchmarks_ltlf/LTLfRandomConjunction/C100/60/N26": {
      "status": false,
      "rtime": 7200,
      "clauses": 137
    },
    "/AIJ-artifact/LTLf-specific/benchmarks/benchmarks_ltlf/LTLfRandomConjunction/C100/70/N43": {
      "status": false,
      "rtime": 7200,
      "clauses": 131
    },
    "/AIJ-artifact/LTLf-specific/benchmarks/benchmarks_ltlf/LTLfRandomConjunction/C100/40/N38": {
      "status": false,
      "rtime": 7200,
      "clauses": 135
    },
    "/AIJ-artifact/LTLf-specific/benchmarks/benchmarks_ltlf/LTLfRandomConjunction/C100/90/N19": {
      "status": false,
      "rtime": 7200,
      "clauses": 129
    },
    "/AIJ-artifact/LTLf-specific/benchmarks/benchmarks_ltlf/LTLfRandomConjunction/C100/10/N4": {
      "status": false,
      "rtime": 7200,
      "clauses": 131
    },
    "/AIJ-artifact/LTLf-specific/benchmarks/benchmarks_ltlf/LTLfRandomConjunction/C100/90/N29": {
      "status": false,
      "rtime": 7200,
      "clauses": 133
    },
    "/AIJ-artifact/LTLf-specific/benchmarks/benchmarks_ltlf/LTLfRandomConjunction/C100/100/N5": {
      "status": false,
      "rtime": 7200,
      "clauses": 134
    },
    "/AIJ-artifact/LTLf-specific/benchmarks/benchmarks_ltlf/LTLfRandomConjunction/C100/80/N2": {
      "status": false,
      "rtime": 7200,
      "clauses": 137
    },
    "/AIJ-artifact/LTLf-specific/benchmarks/benchmarks_ltlf/LTLfRandomConjunction/C100/10/N12": {
      "status": false,
      "rtime": 7200,
      "clauses": 134
    },
    "/AIJ-artifact/LTLf-specific/benchmarks/benchmarks_ltlf/LTLfRandomConjunction/C100/10/N33": {
      "status": false,
      "rtime": 7200,
      "clauses": 123
    },
    "/AIJ-artifact/LTLf-specific/benchmarks/benchmarks_ltlf/LTLfRandomConjunction/C100/20/N5": {
      "status": false,
      "rtime": 7200,
      "clauses": 133
    },
    "/AIJ-artifact/LTLf-specific/benchmarks/benchmarks_ltlf/LTLfRandomConjunction/C100/70/N44": {
      "status": false,
      "rtime": 7200,
      "clauses": 144
    },
    "/AIJ-artifact/LTLf-specific/benchmarks/benchmarks_ltlf/LTLfRandomConjunction/C100/80/N42": {
      "status": false,
      "rtime": 7200,
      "clauses": 130
    },
    "/AIJ-artifact/LTLf-specific/benchmarks/benchmarks_ltlf/LTLfRandomConjunction/C100/40/N50": {
      "status": false,
      "rtime": 7200,
      "clauses": 142
    },
    "/AIJ-artifact/LTLf-specific/benchmarks/benchmarks_ltlf/LTLfRandomConjunction/C100/40/N1": {
      "status": false,
      "rtime": 7200,
      "clauses": 132
    },
    "/AIJ-artifact/LTLf-specific/benchmarks/benchmarks_ltlf/LTLfRandomConjunction/C100/20/N48": {
      "status": false,
      "rtime": 7200,
      "clauses": 127
    },
    "/AIJ-artifact/LTLf-specific/benchmarks/benchmarks_ltlf/LTLfRandomConjunction/C100/70/N1": {
      "status": false,
      "rtime": 7200,
      "clauses": 133
    },
    "/AIJ-artifact/LTLf-specific/benchmarks/benchmarks_ltlf/LTLfRandomConjunction/C100/100/N48": {
      "status": false,
      "rtime": 7200,
      "clauses": 138
    },
    "/AIJ-artifact/LTLf-specific/benchmarks/benchmarks_ltlf/LTLfRandomConjunction/C100/40/N13": {
      "status": false,
      "rtime": 7200,
      "clauses": 145
    },
    "/AIJ-artifact/LTLf-specific/benchmarks/benchmarks_ltlf/LTLfRandomConjunction/C100/50/N7": {
      "status": false,
      "rtime": 7200,
      "clauses": 134
    },
    "/AIJ-artifact/LTLf-specific/benchmarks/benchmarks_ltlf/LTLfRandomConjunction/C100/40/N20": {
      "status": false,
      "rtime": 7200,
      "clauses": 135
    },
    "/AIJ-artifact/LTLf-specific/benchmarks/benchmarks_ltlf/LTLfRandomConjunction/C100/70/N32": {
      "status": false,
      "rtime": 7200,
      "clauses": 134
    },
    "/AIJ-artifact/LTLf-specific/benchmarks/benchmarks_ltlf/LTLfRandomConjunction/C100/50/N18": {
      "status": false,
      "rtime": 7200,
      "clauses": 130
    },
    "/AIJ-artifact/LTLf-specific/benchmarks/benchmarks_ltlf/LTLfRandomConjunction/C100/10/N21": {
      "status": false,
      "rtime": 7200,
      "clauses": 126
    },
    "/AIJ-artifact/LTLf-specific/benchmarks/benchmarks_ltlf/LTLfRandomConjunction/C100/50/N46": {
      "status": false,
      "rtime": 7200,
      "clauses": 121
    },
    "/AIJ-artifact/LTLf-specific/benchmarks/benchmarks_ltlf/LTLfRandomConjunction/C100/60/N31": {
      "status": false,
      "rtime": 7200,
      "clauses": 128
    },
    "/AIJ-artifact/LTLf-specific/benchmarks/benchmarks_ltlf/LTLfRandomConjunction/C100/40/N44": {
      "status": false,
      "rtime": 7200,
      "clauses": 123
    },
    "/AIJ-artifact/LTLf-specific/benchmarks/benchmarks_ltlf/LTLfRandomConjunction/C100/100/N42": {
      "status": false,
      "rtime": 7200,
      "clauses": 146
    },
    "/AIJ-artifact/LTLf-specific/benchmarks/benchmarks_ltlf/LTLfRandomConjunction/C100/40/N4": {
      "status": false,
      "rtime": 7200,
      "clauses": 131
    },
    "/AIJ-artifact/LTLf-specific/benchmarks/benchmarks_ltlf/LTLfRandomConjunction/C100/100/N47": {
      "status": false,
      "rtime": 7200,
      "clauses": 127
    },
    "/AIJ-artifact/LTLf-specific/benchmarks/benchmarks_ltlf/LTLfRandomConjunction/C100/20/N11": {
      "status": false,
      "rtime": 7200,
      "clauses": 141
    },
    "/AIJ-artifact/LTLf-specific/benchmarks/benchmarks_ltlf/LTLfRandomConjunction/C100/10/N30": {
      "status": false,
      "rtime": 7200,
      "clauses": 132
    },
    "/AIJ-artifact/LTLf-specific/benchmarks/benchmarks_ltlf/LTLfRandomConjunction/C100/20/N36": {
      "status": false,
      "rtime": 7200,
      "clauses": 129
    },
    "/AIJ-artifact/LTLf-specific/benchmarks/benchmarks_ltlf/LTLfRandomConjunction/C100/70/N11": {
      "status": false,
      "rtime": 7200,
      "clauses": 136
    },
    "/AIJ-artifact/LTLf-specific/benchmarks/benchmarks_ltlf/LTLfRandomConjunction/C100/40/N49": {
      "status": false,
      "rtime": 7200,
      "clauses": 138
    },
    "/AIJ-artifact/LTLf-specific/benchmarks/benchmarks_ltlf/LTLfRandomConjunction/C100/10/N43": {
      "status": false,
      "rtime": 7200,
      "clauses": 129
    },
    "/AIJ-artifact/LTLf-specific/benchmarks/benchmarks_ltlf/LTLfRandomConjunction/C100/70/N10": {
      "status": false,
      "rtime": 7200,
      "clauses": 143
    },
    "/AIJ-artifact/LTLf-specific/benchmarks/benchmarks_ltlf/LTLfRandomConjunction/C100/100/N46": {
      "status": false,
      "rtime": 7200,
      "clauses": 137
    },
    "/AIJ-artifact/LTLf-specific/benchmarks/benchmarks_ltlf/LTLfRandomConjunction/C100/50/N5": {
      "status": false,
      "rtime": 7200,
      "clauses": 122
    },
    "/AIJ-artifact/LTLf-specific/benchmarks/benchmarks_ltlf/LTLfRandomConjunction/C100/100/N17": {
      "status": false,
      "rtime": 7200,
      "clauses": 131
    },
    "/AIJ-artifact/LTLf-specific/benchmarks/benchmarks_ltlf/LTLfRandomConjunction/C100/40/N43": {
      "status": false,
      "rtime": 7200,
      "clauses": 118
    },
    "/AIJ-artifact/LTLf-specific/benchmarks/benchmarks_ltlf/LTLfRandomConjunction/C100/90/N12": {
      "status": false,
      "rtime": 7200,
      "clauses": 126
    },
    "/AIJ-artifact/LTLf-specific/benchmarks/benchmarks_ltlf/LTLfRandomConjunction/C100/100/N44": {
      "status": false,
      "rtime": 7200,
      "clauses": 146
    },
    "/AIJ-artifact/LTLf-specific/benchmarks/benchmarks_ltlf/LTLfRandomConjunction/C100/70/N25": {
      "status": false,
      "rtime": 7200,
      "clauses": 131
    },
    "/AIJ-artifact/LTLf-specific/benchmarks/benchmarks_ltlf/LTLfRandomConjunction/C100/80/N17": {
      "status": false,
      "rtime": 7200,
      "clauses": 132
    },
    "/AIJ-artifact/LTLf-specific/benchmarks/benchmarks_ltlf/LTLfRandomConjunction/C100/40/N28": {
      "status": false,
      "rtime": 7200,
      "clauses": 120
    },
    "/AIJ-artifact/LTLf-specific/benchmarks/benchmarks_ltlf/LTLfRandomConjunction/C100/20/N49": {
      "status": false,
      "rtime": 7200,
      "clauses": 132
    },
    "/AIJ-artifact/LTLf-specific/benchmarks/benchmarks_ltlf/LTLfRandomConjunction/C100/90/N13": {
      "status": false,
      "rtime": 7200,
      "clauses": 140
    },
    "/AIJ-artifact/LTLf-specific/benchmarks/benchmarks_ltlf/LTLfRandomConjunction/C100/20/N26": {
      "status": false,
      "rtime": 7200,
      "clauses": 134
    },
    "/AIJ-artifact/LTLf-specific/benchmarks/benchmarks_ltlf/LTLfRandomConjunction/C100/20/N15": {
      "status": false,
      "rtime": 7200,
      "clauses": 142
    },
    "/AIJ-artifact/LTLf-specific/benchmarks/benchmarks_ltlf/LTLfRandomConjunction/C100/10/N20": {
      "status": false,
      "rtime": 7200,
      "clauses": 128
    },
    "/AIJ-artifact/LTLf-specific/benchmarks/benchmarks_ltlf/LTLfRandomConjunction/C100/70/N23": {
      "status": false,
      "rtime": 7200,
      "clauses": 126
    },
    "/AIJ-artifact/LTLf-specific/benchmarks/benchmarks_ltlf/LTLfRandomConjunction/C100/60/N41": {
      "status": false,
      "rtime": 7200,
      "clauses": 134
    },
    "/AIJ-artifact/LTLf-specific/benchmarks/benchmarks_ltlf/LTLfRandomConjunction/C100/10/N50": {
      "status": false,
      "rtime": 7200,
      "clauses": 119
    },
    "/AIJ-artifact/LTLf-specific/benchmarks/benchmarks_ltlf/LTLfRandomConjunction/C100/40/N27": {
      "status": false,
      "rtime": 7200,
      "clauses": 126
    },
    "/AIJ-artifact/LTLf-specific/benchmarks/benchmarks_ltlf/LTLfRandomConjunction/C100/90/N50": {
      "status": false,
      "rtime": 7200,
      "clauses": 127
    },
    "/AIJ-artifact/LTLf-specific/benchmarks/benchmarks_ltlf/LTLfRandomConjunction/C100/90/N48": {
      "status": false,
      "rtime": 7200,
      "clauses": 126
    },
    "/AIJ-artifact/LTLf-specific/benchmarks/benchmarks_ltlf/LTLfRandomConjunction/C100/50/N13": {
      "status": false,
      "rtime": 7200,
      "clauses": 128
    },
    "/AIJ-artifact/LTLf-specific/benchmarks/benchmarks_ltlf/LTLfRandomConjunction/C100/80/N4": {
      "status": false,
      "rtime": 7200,
      "clauses": 133
    },
    "/AIJ-artifact/LTLf-specific/benchmarks/benchmarks_ltlf/LTLfRandomConjunction/C100/10/N46": {
      "status": false,
      "rtime": 7200,
      "clauses": 128
    },
    "/AIJ-artifact/LTLf-specific/benchmarks/benchmarks_ltlf/LTLfRandomConjunction/C100/80/N45": {
      "status": false,
      "rtime": 7200,
      "clauses": 138
    },
    "/AIJ-artifact/LTLf-specific/benchmarks/benchmarks_ltlf/LTLfRandomConjunction/C100/10/N29": {
      "status": false,
      "rtime": 7200,
      "clauses": 136
    },
    "/AIJ-artifact/LTLf-specific/benchmarks/benchmarks_ltlf/LTLfRandomConjunction/C100/50/N35": {
      "status": false,
      "rtime": 7200,
      "clauses": 127
    },
    "/AIJ-artifact/LTLf-specific/benchmarks/benchmarks_ltlf/LTLfRandomConjunction/C100/30/N9": {
      "status": false,
      "rtime": 7200,
      "clauses": 134
    },
    "/AIJ-artifact/LTLf-specific/benchmarks/benchmarks_ltlf/LTLfRandomConjunction/C100/40/N14": {
      "status": false,
      "rtime": 7200,
      "clauses": 139
    },
    "/AIJ-artifact/LTLf-specific/benchmarks/benchmarks_ltlf/LTLfRandomConjunction/C100/10/N6": {
      "status": false,
      "rtime": 7200,
      "clauses": 128
    },
    "/AIJ-artifact/LTLf-specific/benchmarks/benchmarks_ltlf/LTLfRandomConjunction/C100/90/N9": {
      "status": false,
      "rtime": 7200,
      "clauses": 126
    },
    "/AIJ-artifact/LTLf-specific/benchmarks/benchmarks_ltlf/LTLfRandomConjunction/C100/90/N41": {
      "status": false,
      "rtime": 7200,
      "clauses": 130
    },
    "/AIJ-artifact/LTLf-specific/benchmarks/benchmarks_ltlf/LTLfRandomConjunction/C100/60/N46": {
      "status": false,
      "rtime": 7200,
      "clauses": 132
    },
    "/AIJ-artifact/LTLf-specific/benchmarks/benchmarks_ltlf/LTLfRandomConjunction/C100/30/N10": {
      "status": false,
      "rtime": 7200,
      "clauses": 130
    },
    "/AIJ-artifact/LTLf-specific/benchmarks/benchmarks_ltlf/LTLfRandomConjunction/C100/80/N9": {
      "status": false,
      "rtime": 7200,
      "clauses": 128
    },
    "/AIJ-artifact/LTLf-specific/benchmarks/benchmarks_ltlf/LTLfRandomConjunction/C100/80/N49": {
      "status": false,
      "rtime": 7200,
      "clauses": 132
    },
    "/AIJ-artifact/LTLf-specific/benchmarks/benchmarks_ltlf/LTLfRandomConjunction/C100/50/N6": {
      "status": false,
      "rtime": 7200,
      "clauses": 124
    },
    "/AIJ-artifact/LTLf-specific/benchmarks/benchmarks_ltlf/LTLfRandomConjunction/C100/70/N8": {
      "status": false,
      "rtime": 7200,
      "clauses": 133
    },
    "/AIJ-artifact/LTLf-specific/benchmarks/benchmarks_ltlf/LTLfRandomConjunction/C100/20/N7": {
      "status": false,
      "rtime": 7200,
      "clauses": 148
    },
    "/AIJ-artifact/LTLf-specific/benchmarks/benchmarks_ltlf/LTLfRandomConjunction/C100/40/N31": {
      "status": false,
      "rtime": 7200,
      "clauses": 130
    },
    "/AIJ-artifact/LTLf-specific/benchmarks/benchmarks_ltlf/LTLfRandomConjunction/C100/50/N47": {
      "status": false,
      "rtime": 7200,
      "clauses": 133
    },
    "/AIJ-artifact/LTLf-specific/benchmarks/benchmarks_ltlf/LTLfRandomConjunction/C100/50/N36": {
      "status": false,
      "rtime": 7200,
      "clauses": 120
    },
    "/AIJ-artifact/LTLf-specific/benchmarks/benchmarks_ltlf/LTLfRandomConjunction/C100/100/N25": {
      "status": false,
      "rtime": 7200,
      "clauses": 129
    },
    "/AIJ-artifact/LTLf-specific/benchmarks/benchmarks_ltlf/LTLfRandomConjunction/C100/50/N17": {
      "status": false,
      "rtime": 7200,
      "clauses": 142
    },
    "/AIJ-artifact/LTLf-specific/benchmarks/benchmarks_ltlf/LTLfRandomConjunction/C100/40/N46": {
      "status": false,
      "rtime": 7200,
      "clauses": 127
    },
    "/AIJ-artifact/LTLf-specific/benchmarks/benchmarks_ltlf/LTLfRandomConjunction/C100/20/N35": {
      "status": false,
      "rtime": 7200,
      "clauses": 125
    },
    "/AIJ-artifact/LTLf-specific/benchmarks/benchmarks_ltlf/LTLfRandomConjunction/C100/30/N40": {
      "status": false,
      "rtime": 7200,
      "clauses": 131
    },
    "/AIJ-artifact/LTLf-specific/benchmarks/benchmarks_ltlf/LTLfRandomConjunction/C100/20/N24": {
      "status": false,
      "rtime": 7200,
      "clauses": 137
    },
    "/AIJ-artifact/LTLf-specific/benchmarks/benchmarks_ltlf/LTLfRandomConjunction/C100/70/N3": {
      "status": false,
      "rtime": 7200,
      "clauses": 129
    },
    "/AIJ-artifact/LTLf-specific/benchmarks/benchmarks_ltlf/LTLfRandomConjunction/C100/80/N14": {
      "status": false,
      "rtime": 7200,
      "clauses": 139
    },
    "/AIJ-artifact/LTLf-specific/benchmarks/benchmarks_ltlf/LTLfRandomConjunction/C100/100/N37": {
      "status": false,
      "rtime": 7200,
      "clauses": 129
    },
    "/AIJ-artifact/LTLf-specific/benchmarks/benchmarks_ltlf/LTLfRandomConjunction/C100/90/N4": {
      "status": false,
      "rtime": 7200,
      "clauses": 132
    },
    "/AIJ-artifact/LTLf-specific/benchmarks/benchmarks_ltlf/LTLfRandomConjunction/C100/70/N5": {
      "status": false,
      "rtime": 7200,
      "clauses": 132
    },
    "/AIJ-artifact/LTLf-specific/benchmarks/benchmarks_ltlf/LTLfRandomConjunction/C100/40/N18": {
      "status": false,
      "rtime": 7200,
      "clauses": 144
    },
    "/AIJ-artifact/LTLf-specific/benchmarks/benchmarks_ltlf/LTLfRandomConjunction/C100/10/N10": {
      "status": false,
      "rtime": 7200,
      "clauses": 123
    },
    "/AIJ-artifact/LTLf-specific/benchmarks/benchmarks_ltlf/LTLfRandomConjunction/C100/60/N1": {
      "status": false,
      "rtime": 7200,
      "clauses": 123
    },
    "/AIJ-artifact/LTLf-specific/benchmarks/benchmarks_ltlf/LTLfRandomConjunction/C100/40/N22": {
      "status": false,
      "rtime": 7200,
      "clauses": 131
    },
    "/AIJ-artifact/LTLf-specific/benchmarks/benchmarks_ltlf/LTLfRandomConjunction/C100/40/N45": {
      "status": false,
      "rtime": 7200,
      "clauses": 139
    },
    "/AIJ-artifact/LTLf-specific/benchmarks/benchmarks_ltlf/LTLfRandomConjunction/C100/70/N27": {
      "status": false,
      "rtime": 7200,
      "clauses": 133
    },
    "/AIJ-artifact/LTLf-specific/benchmarks/benchmarks_ltlf/LTLfRandomConjunction/C100/40/N15": {
      "status": false,
      "rtime": 7200,
      "clauses": 125
    },
    "/AIJ-artifact/LTLf-specific/benchmarks/benchmarks_ltlf/LTLfRandomConjunction/C100/90/N22": {
      "status": false,
      "rtime": 7200,
      "clauses": 128
    },
    "/AIJ-artifact/LTLf-specific/benchmarks/benchmarks_ltlf/LTLfRandomConjunction/C100/90/N1": {
      "status": false,
      "rtime": 7200,
      "clauses": 134
    },
    "/AIJ-artifact/LTLf-specific/benchmarks/benchmarks_ltlf/LTLfRandomConjunction/C100/40/N16": {
      "status": false,
      "rtime": 7200,
      "clauses": 130
    },
    "/AIJ-artifact/LTLf-specific/benchmarks/benchmarks_ltlf/LTLfRandomConjunction/C100/100/N22": {
      "status": false,
      "rtime": 7200,
      "clauses": 125
    },
    "/AIJ-artifact/LTLf-specific/benchmarks/benchmarks_ltlf/LTLfRandomConjunction/C100/80/N3": {
      "status": false,
      "rtime": 7200,
      "clauses": 127
    },
    "/AIJ-artifact/LTLf-specific/benchmarks/benchmarks_ltlf/LTLfRandomConjunction/C100/50/N23": {
      "status": false,
      "rtime": 7200,
      "clauses": 126
    },
    "/AIJ-artifact/LTLf-specific/benchmarks/benchmarks_ltlf/LTLfRandomConjunction/C100/50/N38": {
      "status": false,
      "rtime": 7200,
      "clauses": 129
    },
    "/AIJ-artifact/LTLf-specific/benchmarks/benchmarks_ltlf/LTLfRandomConjunction/C100/100/N3": {
      "status": false,
      "rtime": 7200,
      "clauses": 128
    },
    "/AIJ-artifact/LTLf-specific/benchmarks/benchmarks_ltlf/LTLfRandomConjunction/C100/100/N43": {
      "status": false,
      "rtime": 7200,
      "clauses": 138
    },
    "/AIJ-artifact/LTLf-specific/benchmarks/benchmarks_ltlf/LTLfRandomConjunction/C100/10/N34": {
      "status": false,
      "rtime": 7200,
      "clauses": 129
    },
    "/AIJ-artifact/LTLf-specific/benchmarks/benchmarks_ltlf/LTLfRandomConjunction/C100/100/N50": {
      "status": false,
      "rtime": 7200,
      "clauses": 131
    },
    "/AIJ-artifact/LTLf-specific/benchmarks/benchmarks_ltlf/LTLfRandomConjunction/C100/20/N39": {
      "status": false,
      "rtime": 7200,
      "clauses": 127
    },
    "/AIJ-artifact/LTLf-specific/benchmarks/benchmarks_ltlf/LTLfRandomConjunction/C100/100/N7": {
      "status": false,
      "rtime": 7200,
      "clauses": 126
    },
    "/AIJ-artifact/LTLf-specific/benchmarks/benchmarks_ltlf/LTLfRandomConjunction/C100/60/N33": {
      "status": false,
      "rtime": 7200,
      "clauses": 135
    },
    "/AIJ-artifact/LTLf-specific/benchmarks/benchmarks_ltlf/LTLfRandomConjunction/C100/70/N21": {
      "status": false,
      "rtime": 7200,
      "clauses": 120
    },
    "/AIJ-artifact/LTLf-specific/benchmarks/benchmarks_ltlf/LTLfRandomConjunction/C100/80/N38": {
      "status": false,
      "rtime": 7200,
      "clauses": 138
    },
    "/AIJ-artifact/LTLf-specific/benchmarks/benchmarks_ltlf/LTLfRandomConjunction/C100/10/N44": {
      "status": false,
      "rtime": 7200,
      "clauses": 127
    },
    "/AIJ-artifact/LTLf-specific/benchmarks/benchmarks_ltlf/LTLfRandomConjunction/C100/80/N29": {
      "status": false,
      "rtime": 7200,
      "clauses": 136
    },
    "/AIJ-artifact/LTLf-specific/benchmarks/benchmarks_ltlf/LTLfRandomConjunction/C100/50/N14": {
      "status": false,
      "rtime": 7200,
      "clauses": 126
    },
    "/AIJ-artifact/LTLf-specific/benchmarks/benchmarks_ltlf/LTLfRandomConjunction/C100/60/N35": {
      "status": false,
      "rtime": 7200,
      "clauses": 154
    },
    "/AIJ-artifact/LTLf-specific/benchmarks/benchmarks_ltlf/LTLfRandomConjunction/C100/90/N7": {
      "status": false,
      "rtime": 7200,
      "clauses": 134
    },
    "/AIJ-artifact/LTLf-specific/benchmarks/benchmarks_ltlf/LTLfRandomConjunction/C100/80/N22": {
      "status": false,
      "rtime": 7200,
      "clauses": 129
    },
    "/AIJ-artifact/LTLf-specific/benchmarks/benchmarks_ltlf/LTLfRandomConjunction/C100/40/N12": {
      "status": false,
      "rtime": 7200,
      "clauses": 126
    },
    "/AIJ-artifact/LTLf-specific/benchmarks/benchmarks_ltlf/LTLfRandomConjunction/C100/40/N21": {
      "status": false,
      "rtime": 7200,
      "clauses": 132
    },
    "/AIJ-artifact/LTLf-specific/benchmarks/benchmarks_ltlf/LTLfRandomConjunction/C100/90/N47": {
      "status": false,
      "rtime": 7200,
      "clauses": 133
    },
    "/AIJ-artifact/LTLf-specific/benchmarks/benchmarks_ltlf/LTLfRandomConjunction/C100/80/N34": {
      "status": false,
      "rtime": 7200,
      "clauses": 130
    },
    "/AIJ-artifact/LTLf-specific/benchmarks/benchmarks_ltlf/LTLfRandomConjunction/C100/20/N38": {
      "status": false,
      "rtime": 7200,
      "clauses": 122
    },
    "/AIJ-artifact/LTLf-specific/benchmarks/benchmarks_ltlf/LTLfRandomConjunction/C100/40/N7": {
      "status": false,
      "rtime": 7200,
      "clauses": 130
    },
    "/AIJ-artifact/LTLf-specific/benchmarks/benchmarks_ltlf/LTLfRandomConjunction/C100/90/N16": {
      "status": false,
      "rtime": 7200,
      "clauses": 122
    },
    "/AIJ-artifact/LTLf-specific/benchmarks/benchmarks_ltlf/LTLfRandomConjunction/C100/20/N1": {
      "status": false,
      "rtime": 7200,
      "clauses": 134
    },
    "/AIJ-artifact/LTLf-specific/benchmarks/benchmarks_ltlf/LTLfRandomConjunction/C100/80/N27": {
      "status": false,
      "rtime": 7200,
      "clauses": 131
    },
    "/AIJ-artifact/LTLf-specific/benchmarks/benchmarks_ltlf/LTLfRandomConjunction/C100/20/N12": {
      "status": false,
      "rtime": 7200,
      "clauses": 141
    },
    "/AIJ-artifact/LTLf-specific/benchmarks/benchmarks_ltlf/LTLfRandomConjunction/C100/90/N35": {
      "status": false,
      "rtime": 7200,
      "clauses": 126
    },
    "/AIJ-artifact/LTLf-specific/benchmarks/benchmarks_ltlf/LTLfRandomConjunction/C100/50/N30": {
      "status": false,
      "rtime": 7200,
      "clauses": 127
    },
    "/AIJ-artifact/LTLf-specific/benchmarks/benchmarks_ltlf/LTLfRandomConjunction/C100/50/N10": {
      "status": false,
      "rtime": 7200,
      "clauses": 135
    },
    "/AIJ-artifact/LTLf-specific/benchmarks/benchmarks_ltlf/LTLfRandomConjunction/C100/40/N33": {
      "status": false,
      "rtime": 7200,
      "clauses": 127
    },
    "/AIJ-artifact/LTLf-specific/benchmarks/benchmarks_ltlf/LTLfRandomConjunction/C100/90/N3": {
      "status": false,
      "rtime": 7200,
      "clauses": 129
    },
    "/AIJ-artifact/LTLf-specific/benchmarks/benchmarks_ltlf/LTLfRandomConjunction/C100/20/N41": {
      "status": false,
      "rtime": 7200,
      "clauses": 125
    },
    "/AIJ-artifact/LTLf-specific/benchmarks/benchmarks_ltlf/LTLfRandomConjunction/C100/30/N31": {
      "status": false,
      "rtime": 7200,
      "clauses": 130
    },
    "/AIJ-artifact/LTLf-specific/benchmarks/benchmarks_ltlf/LTLfRandomConjunction/C100/90/N2": {
      "status": false,
      "rtime": 7200,
      "clauses": 126
    },
    "/AIJ-artifact/LTLf-specific/benchmarks/benchmarks_ltlf/LTLfRandomConjunction/C100/50/N4": {
      "status": false,
      "rtime": 7200,
      "clauses": 137
    },
    "/AIJ-artifact/LTLf-specific/benchmarks/benchmarks_ltlf/LTLfRandomConjunction/C100/60/N47": {
      "status": false,
      "rtime": 7200,
      "clauses": 134
    },
    "/AIJ-artifact/LTLf-specific/benchmarks/benchmarks_ltlf/LTLfRandomConjunction/C100/50/N28": {
      "status": false,
      "rtime": 7200,
      "clauses": 133
    },
    "/AIJ-artifact/LTLf-specific/benchmarks/benchmarks_ltlf/LTLfRandomConjunction/C100/100/N6": {
      "status": false,
      "rtime": 7200,
      "clauses": 129
    },
    "/AIJ-artifact/LTLf-specific/benchmarks/benchmarks_ltlf/LTLfRandomConjunction/C100/100/N38": {
      "status": false,
      "rtime": 7200,
      "clauses": 129
    },
    "/AIJ-artifact/LTLf-specific/benchmarks/benchmarks_ltlf/LTLfRandomConjunction/C100/90/N44": {
      "status": false,
      "rtime": 7200,
      "clauses": 133
    },
    "/AIJ-artifact/LTLf-specific/benchmarks/benchmarks_ltlf/LTLfRandomConjunction/C100/60/N24": {
      "status": false,
      "rtime": 7200,
      "clauses": 132
    },
    "/AIJ-artifact/LTLf-specific/benchmarks/benchmarks_ltlf/LTLfRandomConjunction/C100/70/N40": {
      "status": false,
      "rtime": 7200,
      "clauses": 139
    },
    "/AIJ-artifact/LTLf-specific/benchmarks/benchmarks_ltlf/LTLfRandomConjunction/C100/50/N9": {
      "status": false,
      "rtime": 7200,
      "clauses": 119
    },
    "/AIJ-artifact/LTLf-specific/benchmarks/benchmarks_ltlf/LTLfRandomConjunction/C100/100/N29": {
      "status": false,
      "rtime": 7200,
      "clauses": 128
    },
    "/AIJ-artifact/LTLf-specific/benchmarks/benchmarks_ltlf/LTLfRandomConjunction/C100/70/N35": {
      "status": false,
      "rtime": 7200,
      "clauses": 122
    },
    "/AIJ-artifact/LTLf-specific/benchmarks/benchmarks_ltlf/LTLfRandomConjunction/C100/30/N48": {
      "status": false,
      "rtime": 7200,
      "clauses": 136
    },
    "/AIJ-artifact/LTLf-specific/benchmarks/benchmarks_ltlf/LTLfRandomConjunction/C100/50/N1": {
      "status": false,
      "rtime": 7200,
      "clauses": 147
    },
    "/AIJ-artifact/LTLf-specific/benchmarks/benchmarks_ltlf/LTLfRandomConjunction/C100/30/N35": {
      "status": false,
      "rtime": 7200,
      "clauses": 140
    },
    "/AIJ-artifact/LTLf-specific/benchmarks/benchmarks_ltlf/LTLfRandomConjunction/C100/30/N5": {
      "status": false,
      "rtime": 7200,
      "clauses": 135
    },
    "/AIJ-artifact/LTLf-specific/benchmarks/benchmarks_ltlf/LTLfRandomConjunction/C100/90/N28": {
      "status": false,
      "rtime": 7200,
      "clauses": 133
    },
    "/AIJ-artifact/LTLf-specific/benchmarks/benchmarks_ltlf/LTLfRandomConjunction/C100/70/N29": {
      "status": false,
      "rtime": 7200,
      "clauses": 132
    },
    "/AIJ-artifact/LTLf-specific/benchmarks/benchmarks_ltlf/LTLfRandomConjunction/C100/60/N43": {
      "status": false,
      "rtime": 7200,
      "clauses": 121
    },
    "/AIJ-artifact/LTLf-specific/benchmarks/benchmarks_ltlf/LTLfRandomConjunction/C100/70/N31": {
      "status": false,
      "rtime": 7200,
      "clauses": 135
    },
    "/AIJ-artifact/LTLf-specific/benchmarks/benchmarks_ltlf/LTLfRandomConjunction/C100/70/N38": {
      "status": false,
      "rtime": 7200,
      "clauses": 135
    },
    "/AIJ-artifact/LTLf-specific/benchmarks/benchmarks_ltlf/LTLfRandomConjunction/C100/70/N30": {
      "status": false,
      "rtime": 7200,
      "clauses": 136
    },
    "/AIJ-artifact/LTLf-specific/benchmarks/benchmarks_ltlf/LTLfRandomConjunction/C100/60/N4": {
      "status": false,
      "rtime": 7200,
      "clauses": 123
    },
    "/AIJ-artifact/LTLf-specific/benchmarks/benchmarks_ltlf/LTLfRandomConjunction/C100/20/N19": {
      "status": false,
      "rtime": 7200,
      "clauses": 131
    },
    "/AIJ-artifact/LTLf-specific/benchmarks/benchmarks_ltlf/LTLfRandomConjunction/C100/70/N34": {
      "status": false,
      "rtime": 7200,
      "clauses": 122
    },
    "/AIJ-artifact/LTLf-specific/benchmarks/benchmarks_ltlf/LTLfRandomConjunction/C100/10/N18": {
      "status": false,
      "rtime": 7200,
      "clauses": 135
    },
    "/AIJ-artifact/LTLf-specific/benchmarks/benchmarks_ltlf/LTLfRandomConjunction/C100/80/N15": {
      "status": false,
      "rtime": 7200,
      "clauses": 140
    },
    "/AIJ-artifact/LTLf-specific/benchmarks/benchmarks_ltlf/LTLfRandomConjunction/C100/50/N42": {
      "status": false,
      "rtime": 7200,
      "clauses": 135
    },
    "/AIJ-artifact/LTLf-specific/benchmarks/benchmarks_ltlf/LTLfRandomConjunction/C100/10/N7": {
      "status": false,
      "rtime": 7200,
      "clauses": 128
    },
    "/AIJ-artifact/LTLf-specific/benchmarks/benchmarks_ltlf/LTLfRandomConjunction/C100/20/N21": {
      "status": false,
      "rtime": 7200,
      "clauses": 134
    },
    "/AIJ-artifact/LTLf-specific/benchmarks/benchmarks_ltlf/LTLfRandomConjunction/C100/50/N48": {
      "status": false,
      "rtime": 7200,
      "clauses": 139
    },
    "/AIJ-artifact/LTLf-specific/benchmarks/benchmarks_ltlf/LTLfRandomConjunction/C100/30/N19": {
      "status": false,
      "rtime": 7200,
      "clauses": 134
    },
    "/AIJ-artifact/LTLf-specific/benchmarks/benchmarks_ltlf/LTLfRandomConjunction/C100/100/N49": {
      "status": false,
      "rtime": 7200,
      "clauses": 133
    },
    "/AIJ-artifact/LTLf-specific/benchmarks/benchmarks_ltlf/LTLfRandomConjunction/C100/100/N21": {
      "status": false,
      "rtime": 7200,
      "clauses": 134
    },
    "/AIJ-artifact/LTLf-specific/benchmarks/benchmarks_ltlf/LTLfRandomConjunction/C100/60/N14": {
      "status": false,
      "rtime": 7200,
      "clauses": 136
    },
    "/AIJ-artifact/LTLf-specific/benchmarks/benchmarks_ltlf/LTLfRandomConjunction/C100/60/N29": {
      "status": false,
      "rtime": 7200,
      "clauses": 132
    },
    "/AIJ-artifact/LTLf-specific/benchmarks/benchmarks_ltlf/LTLfRandomConjunction/C100/30/N29": {
      "status": false,
      "rtime": 7200,
      "clauses": 139
    },
    "/AIJ-artifact/LTLf-specific/benchmarks/benchmarks_ltlf/LTLfRandomConjunction/C100/30/N32": {
      "status": false,
      "rtime": 7200,
      "clauses": 125
    },
    "/AIJ-artifact/LTLf-specific/benchmarks/benchmarks_ltlf/LTLfRandomConjunction/C100/90/N11": {
      "status": false,
      "rtime": 7200,
      "clauses": 130
    },
    "/AIJ-artifact/LTLf-specific/benchmarks/benchmarks_ltlf/LTLfRandomConjunction/C100/50/N24": {
      "status": false,
      "rtime": 7200,
      "clauses": 135
    },
    "/AIJ-artifact/LTLf-specific/benchmarks/benchmarks_ltlf/LTLfRandomConjunction/C100/80/N24": {
      "status": false,
      "rtime": 7200,
      "clauses": 125
    },
    "/AIJ-artifact/LTLf-specific/benchmarks/benchmarks_ltlf/LTLfRandomConjunction/C100/100/N10": {
      "status": false,
      "rtime": 7200,
      "clauses": 132
    },
    "/AIJ-artifact/LTLf-specific/benchmarks/benchmarks_ltlf/LTLfRandomConjunction/C100/50/N12": {
      "status": false,
      "rtime": 7200,
      "clauses": 126
    },
    "/AIJ-artifact/LTLf-specific/benchmarks/benchmarks_ltlf/LTLfRandomConjunction/C100/50/N41": {
      "status": false,
      "rtime": 7200,
      "clauses": 132
    },
    "/AIJ-artifact/LTLf-specific/benchmarks/benchmarks_ltlf/LTLfRandomConjunction/C100/10/N22": {
      "status": false,
      "rtime": 7200,
      "clauses": 136
    },
    "/AIJ-artifact/LTLf-specific/benchmarks/benchmarks_ltlf/LTLfRandomConjunction/C100/30/N49": {
      "status": false,
      "rtime": 7200,
      "clauses": 138
    },
    "/AIJ-artifact/LTLf-specific/benchmarks/benchmarks_ltlf/LTLfRandomConjunction/C100/60/N39": {
      "status": false,
      "rtime": 7200,
      "clauses": 137
    },
    "/AIJ-artifact/LTLf-specific/benchmarks/benchmarks_ltlf/LTLfRandomConjunction/C100/60/N42": {
      "status": false,
      "rtime": 7200,
      "clauses": 122
    },
    "/AIJ-artifact/LTLf-specific/benchmarks/benchmarks_ltlf/LTLfRandomConjunction/C100/70/N14": {
      "status": false,
      "rtime": 7200,
      "clauses": 132
    },
    "/AIJ-artifact/LTLf-specific/benchmarks/benchmarks_ltlf/LTLfRandomConjunction/C100/100/N28": {
      "status": false,
      "rtime": 7200,
      "clauses": 131
    },
    "/AIJ-artifact/LTLf-specific/benchmarks/benchmarks_ltlf/LTLfRandomConjunction/C100/30/N16": {
      "status": false,
      "rtime": 7200,
      "clauses": 132
    },
    "/AIJ-artifact/LTLf-specific/benchmarks/benchmarks_ltlf/LTLfRandomConjunction/C100/50/N27": {
      "status": false,
      "rtime": 7200,
      "clauses": 135
    },
    "/AIJ-artifact/LTLf-specific/benchmarks/benchmarks_ltlf/LTLfRandomConjunction/C100/10/N40": {
      "status": false,
      "rtime": 7200,
      "clauses": 139
    },
    "/AIJ-artifact/LTLf-specific/benchmarks/benchmarks_ltlf/LTLfRandomConjunction/C100/30/N15": {
      "status": false,
      "rtime": 7200,
      "clauses": 123
    },
    "/AIJ-artifact/LTLf-specific/benchmarks/benchmarks_ltlf/LTLfRandomConjunction/C100/30/N8": {
      "status": false,
      "rtime": 7200,
      "clauses": 129
    },
    "/AIJ-artifact/LTLf-specific/benchmarks/benchmarks_ltlf/LTLfRandomConjunction/C100/80/N37": {
      "status": false,
      "rtime": 7200,
      "clauses": 130
    },
    "/AIJ-artifact/LTLf-specific/benchmarks/benchmarks_ltlf/LTLfRandomConjunction/C100/20/N50": {
      "status": false,
      "rtime": 7200,
      "clauses": 136
    },
    "/AIJ-artifact/LTLf-specific/benchmarks/benchmarks_ltlf/LTLfRandomConjunction/C100/30/N23": {
      "status": false,
      "rtime": 7200,
      "clauses": 131
    },
    "/AIJ-artifact/LTLf-specific/benchmarks/benchmarks_ltlf/LTLfRandomConjunction/C100/30/N44": {
      "status": false,
      "rtime": 7200,
      "clauses": 141
    },
    "/AIJ-artifact/LTLf-specific/benchmarks/benchmarks_ltlf/LTLfRandomConjunction/C100/40/N32": {
      "status": false,
      "rtime": 7200,
      "clauses": 132
    },
    "/AIJ-artifact/LTLf-specific/benchmarks/benchmarks_ltlf/LTLfRandomConjunction/C100/10/N31": {
      "status": false,
      "rtime": 7200,
      "clauses": 127
    },
    "/AIJ-artifact/LTLf-specific/benchmarks/benchmarks_ltlf/LTLfRandomConjunction/C100/50/N49": {
      "status": false,
      "rtime": 7200,
      "clauses": 132
    },
    "/AIJ-artifact/LTLf-specific/benchmarks/benchmarks_ltlf/LTLfRandomConjunction/C100/100/N45": {
      "status": false,
      "rtime": 7200,
      "clauses": 126
    },
    "/AIJ-artifact/LTLf-specific/benchmarks/benchmarks_ltlf/LTLfRandomConjunction/C100/70/N42": {
      "status": false,
      "rtime": 7200,
      "clauses": 126
    },
    "/AIJ-artifact/LTLf-specific/benchmarks/benchmarks_ltlf/LTLfRandomConjunction/C100/30/N17": {
      "status": false,
      "rtime": 7200,
      "clauses": 129
    },
    "/AIJ-artifact/LTLf-specific/benchmarks/benchmarks_ltlf/LTLfRandomConjunction/C100/90/N40": {
      "status": false,
      "rtime": 7200,
      "clauses": 127
    },
    "/AIJ-artifact/LTLf-specific/benchmarks/benchmarks_ltlf/LTLfRandomConjunction/C100/10/N48": {
      "status": false,
      "rtime": 7200,
      "clauses": 137
    },
    "/AIJ-artifact/LTLf-specific/benchmarks/benchmarks_ltlf/LTLfRandomConjunction/C100/60/N18": {
      "status": false,
      "rtime": 7200,
      "clauses": 143
    },
    "/AIJ-artifact/LTLf-specific/benchmarks/benchmarks_ltlf/LTLfRandomConjunction/C100/100/N11": {
      "status": false,
      "rtime": 7200,
      "clauses": 132
    },
    "/AIJ-artifact/LTLf-specific/benchmarks/benchmarks_ltlf/LTLfRandomConjunction/C100/10/N3": {
      "status": false,
      "rtime": 7200,
      "clauses": 127
    },
    "/AIJ-artifact/LTLf-specific/benchmarks/benchmarks_ltlf/LTLfRandomConjunction/C100/70/N48": {
      "status": false,
      "rtime": 7200,
      "clauses": 128
    },
    "/AIJ-artifact/LTLf-specific/benchmarks/benchmarks_ltlf/LTLfRandomConjunction/C100/80/N11": {
      "status": false,
      "rtime": 7200,
      "clauses": 135
    },
    "/AIJ-artifact/LTLf-specific/benchmarks/benchmarks_ltlf/LTLfRandomConjunction/C100/70/N47": {
      "status": false,
      "rtime": 7200,
      "clauses": 128
    },
    "/AIJ-artifact/LTLf-specific/benchmarks/benchmarks_ltlf/LTLfRandomConjunction/C100/90/N32": {
      "status": false,
      "rtime": 7200,
      "clauses": 132
    },
    "/AIJ-artifact/LTLf-specific/benchmarks/benchmarks_ltlf/LTLfRandomConjunction/C100/70/N7": {
      "status": false,
      "rtime": 7200,
      "clauses": 136
    },
    "/AIJ-artifact/LTLf-specific/benchmarks/benchmarks_ltlf/LTLfRandomConjunction/C100/20/N25": {
      "status": false,
      "rtime": 7200,
      "clauses": 129
    },
    "/AIJ-artifact/LTLf-specific/benchmarks/benchmarks_ltlf/LTLfRandomConjunction/C100/50/N3": {
      "status": false,
      "rtime": 7200,
      "clauses": 126
    },
    "/AIJ-artifact/LTLf-specific/benchmarks/benchmarks_ltlf/LTLfRandomConjunction/C100/80/N21": {
      "status": false,
      "rtime": 7200,
      "clauses": 127
    },
    "/AIJ-artifact/LTLf-specific/benchmarks/benchmarks_ltlf/LTLfRandomConjunction/C100/50/N34": {
      "status": false,
      "rtime": 7200,
      "clauses": 144
    },
    "/AIJ-artifact/LTLf-specific/benchmarks/benchmarks_ltlf/LTLfRandomConjunction/C100/30/N39": {
      "status": false,
      "rtime": 7200,
      "clauses": 135
    },
    "/AIJ-artifact/LTLf-specific/benchmarks/benchmarks_ltlf/LTLfRandomConjunction/C100/60/N17": {
      "status": false,
      "rtime": 7200,
      "clauses": 137
    },
    "/AIJ-artifact/LTLf-specific/benchmarks/benchmarks_ltlf/LTLfRandomConjunction/C100/40/N36": {
      "status": false,
      "rtime": 7200,
      "clauses": 133
    },
    "/AIJ-artifact/LTLf-specific/benchmarks/benchmarks_ltlf/LTLfRandomConjunction/C100/70/N20": {
      "status": false,
      "rtime": 7200,
      "clauses": 137
    },
    "/AIJ-artifact/LTLf-specific/benchmarks/benchmarks_ltlf/LTLfRandomConjunction/C100/30/N26": {
      "status": false,
      "rtime": 7200,
      "clauses": 123
    },
    "/AIJ-artifact/LTLf-specific/benchmarks/benchmarks_ltlf/LTLfRandomConjunction/C100/20/N33": {
      "status": false,
      "rtime": 7200,
      "clauses": 127
    },
    "/AIJ-artifact/LTLf-specific/benchmarks/benchmarks_ltlf/LTLfRandomConjunction/C100/60/N12": {
      "status": false,
      "rtime": 7200,
      "clauses": 135
    },
    "/AIJ-artifact/LTLf-specific/benchmarks/benchmarks_ltlf/LTLfRandomConjunction/C100/40/N47": {
      "status": false,
      "rtime": 7200,
      "clauses": 125
    },
    "/AIJ-artifact/LTLf-specific/benchmarks/benchmarks_ltlf/LTLfRandomConjunction/C100/20/N13": {
      "status": false,
      "rtime": 7200,
      "clauses": 131
    },
    "/AIJ-artifact/LTLf-specific/benchmarks/benchmarks_ltlf/LTLfRandomConjunction/C100/20/N30": {
      "status": false,
      "rtime": 7200,
      "clauses": 139
    },
    "/AIJ-artifact/LTLf-specific/benchmarks/benchmarks_ltlf/LTLfRandomConjunction/C100/10/N36": {
      "status": false,
      "rtime": 7200,
      "clauses": 137
    },
    "/AIJ-artifact/LTLf-specific/benchmarks/benchmarks_ltlf/LTLfRandomConjunction/C100/30/N33": {
      "status": false,
      "rtime": 7200,
      "clauses": 136
    },
    "/AIJ-artifact/LTLf-specific/benchmarks/benchmarks_ltlf/LTLfRandomConjunction/C100/100/N2": {
      "status": false,
      "rtime": 7200,
      "clauses": 144
    },
    "/AIJ-artifact/LTLf-specific/benchmarks/benchmarks_ltlf/LTLfRandomConjunction/C100/80/N20": {
      "status": false,
      "rtime": 7200,
      "clauses": 130
    },
    "/AIJ-artifact/LTLf-specific/benchmarks/benchmarks_ltlf/LTLfRandomConjunction/C100/30/N46": {
      "status": false,
      "rtime": 7200,
      "clauses": 124
    },
    "/AIJ-artifact/LTLf-specific/benchmarks/benchmarks_ltlf/LTLfRandomConjunction/C100/10/N39": {
      "status": false,
      "rtime": 7200,
      "clauses": 131
    },
    "/AIJ-artifact/LTLf-specific/benchmarks/benchmarks_ltlf/LTLfRandomConjunction/C100/40/N5": {
      "status": false,
      "rtime": 7200,
      "clauses": 138
    },
    "/AIJ-artifact/LTLf-specific/benchmarks/benchmarks_ltlf/LTLfRandomConjunction/C100/90/N23": {
      "status": false,
      "rtime": 7200,
      "clauses": 127
    },
    "/AIJ-artifact/LTLf-specific/benchmarks/benchmarks_ltlf/LTLfRandomConjunction/C100/30/N3": {
      "status": false,
      "rtime": 7200,
      "clauses": 132
    },
    "/AIJ-artifact/LTLf-specific/benchmarks/benchmarks_ltlf/LTLfRandomConjunction/C100/20/N47": {
      "status": false,
      "rtime": 7200,
      "clauses": 131
    },
    "/AIJ-artifact/LTLf-specific/benchmarks/benchmarks_ltlf/LTLfRandomConjunction/C100/30/N47": {
      "status": false,
      "rtime": 7200,
      "clauses": 128
    },
    "/AIJ-artifact/LTLf-specific/benchmarks/benchmarks_ltlf/LTLfRandomConjunction/C100/70/N6": {
      "status": false,
      "rtime": 7200,
      "clauses": 124
    },
    "/AIJ-artifact/LTLf-specific/benchmarks/benchmarks_ltlf/LTLfRandomConjunction/C100/80/N16": {
      "status": false,
      "rtime": 7200,
      "clauses": 126
    },
    "/AIJ-artifact/LTLf-specific/benchmarks/benchmarks_ltlf/LTLfRandomConjunction/C100/80/N30": {
      "status": false,
      "rtime": 7200,
      "clauses": 133
    },
    "/AIJ-artifact/LTLf-specific/benchmarks/benchmarks_ltlf/LTLfRandomConjunction/C100/100/N32": {
      "status": false,
      "rtime": 7200,
      "clauses": 118
    },
    "/AIJ-artifact/LTLf-specific/benchmarks/benchmarks_ltlf/LTLfRandomConjunction/C100/60/N37": {
      "status": false,
      "rtime": 7200,
      "clauses": 132
    },
    "/AIJ-artifact/LTLf-specific/benchmarks/benchmarks_ltlf/LTLfRandomConjunction/C100/100/N31": {
      "status": false,
      "rtime": 7200,
      "clauses": 132
    },
    "/AIJ-artifact/LTLf-specific/benchmarks/benchmarks_ltlf/LTLfRandomConjunction/C100/20/N45": {
      "status": false,
      "rtime": 7200,
      "clauses": 136
    },
    "/AIJ-artifact/LTLf-specific/benchmarks/benchmarks_ltlf/LTLfRandomConjunction/C100/10/N16": {
      "status": false,
      "rtime": 7200,
      "clauses": 130
    },
    "/AIJ-artifact/LTLf-specific/benchmarks/benchmarks_ltlf/LTLfRandomConjunction/C100/10/N32": {
      "status": false,
      "rtime": 7200,
      "clauses": 121
    },
    "/AIJ-artifact/LTLf-specific/benchmarks/benchmarks_ltlf/LTLfRandomConjunction/C100/30/N12": {
      "status": false,
      "rtime": 7200,
      "clauses": 131
    },
    "/AIJ-artifact/LTLf-specific/benchmarks/benchmarks_ltlf/LTLfRandomConjunction/C100/60/N19": {
      "status": false,
      "rtime": 7200,
      "clauses": 131
    },
    "/AIJ-artifact/LTLf-specific/benchmarks/benchmarks_ltlf/LTLfRandomConjunction/C100/30/N27": {
      "status": false,
      "rtime": 7200,
      "clauses": 129
    },
    "/AIJ-artifact/LTLf-specific/benchmarks/benchmarks_ltlf/LTLfRandomConjunction/C100/20/N22": {
      "status": false,
      "rtime": 7200,
      "clauses": 134
    },
    "/AIJ-artifact/LTLf-specific/benchmarks/benchmarks_ltlf/LTLfRandomConjunction/C100/20/N46": {
      "status": false,
      "rtime": 7200,
      "clauses": 131
    },
    "/AIJ-artifact/LTLf-specific/benchmarks/benchmarks_ltlf/LTLfRandomConjunction/C100/50/N11": {
      "status": false,
      "rtime": 7200,
      "clauses": 134
    },
    "/AIJ-artifact/LTLf-specific/benchmarks/benchmarks_ltlf/LTLfRandomConjunction/C100/20/N43": {
      "status": false,
      "rtime": 7200,
      "clauses": 119
    },
    "/AIJ-artifact/LTLf-specific/benchmarks/benchmarks_ltlf/LTLfRandomConjunction/C100/90/N31": {
      "status": false,
      "rtime": 7200,
      "clauses": 132
    },
    "/AIJ-artifact/LTLf-specific/benchmarks/benchmarks_ltlf/LTLfRandomConjunction/C100/90/N33": {
      "status": false,
      "rtime": 7200,
      "clauses": 132
    },
    "/AIJ-artifact/LTLf-specific/benchmarks/benchmarks_ltlf/LTLfRandomConjunction/C100/50/N31": {
      "status": false,
      "rtime": 7200,
      "clauses": 135
    },
    "/AIJ-artifact/LTLf-specific/benchmarks/benchmarks_ltlf/LTLfRandomConjunction/C100/100/N23": {
      "status": false,
      "rtime": 7200,
      "clauses": 140
    },
    "/AIJ-artifact/LTLf-specific/benchmarks/benchmarks_ltlf/LTLfRandomConjunction/C100/80/N36": {
      "status": false,
      "rtime": 7200,
      "clauses": 138
    },
    "/AIJ-artifact/LTLf-specific/benchmarks/benchmarks_ltlf/LTLfRandomConjunction/C100/90/N24": {
      "status": false,
      "rtime": 7200,
      "clauses": 127
    },
    "/AIJ-artifact/LTLf-specific/benchmarks/benchmarks_ltlf/LTLfRandomConjunction/C100/50/N33": {
      "status": false,
      "rtime": 7200,
      "clauses": 138
    },
    "/AIJ-artifact/LTLf-specific/benchmarks/benchmarks_ltlf/LTLfRandomConjunction/C100/40/N30": {
      "status": false,
      "rtime": 7200,
      "clauses": 127
    },
    "/AIJ-artifact/LTLf-specific/benchmarks/benchmarks_ltlf/LTLfRandomConjunction/C100/70/N9": {
      "status": false,
      "rtime": 7200,
      "clauses": 129
    },
    "/AIJ-artifact/LTLf-specific/benchmarks/benchmarks_ltlf/LTLfRandomConjunction/C100/50/N44": {
      "status": false,
      "rtime": 7200,
      "clauses": 123
    },
    "/AIJ-artifact/LTLf-specific/benchmarks/benchmarks_ltlf/LTLfRandomConjunction/C100/30/N13": {
      "status": false,
      "rtime": 7200,
      "clauses": 130
    },
    "/AIJ-artifact/LTLf-specific/benchmarks/benchmarks_ltlf/LTLfRandomConjunction/C100/60/N38": {
      "status": false,
      "rtime": 7200,
      "clauses": 127
    },
    "/AIJ-artifact/LTLf-specific/benchmarks/benchmarks_ltlf/LTLfRandomConjunction/C100/40/N39": {
      "status": false,
      "rtime": 7200,
      "clauses": 140
    },
    "/AIJ-artifact/LTLf-specific/benchmarks/benchmarks_ltlf/LTLfRandomConjunction/C100/60/N50": {
      "status": false,
      "rtime": 7200,
      "clauses": 132
    },
    "/AIJ-artifact/LTLf-specific/benchmarks/benchmarks_ltlf/LTLfRandomConjunction/C100/60/N23": {
      "status": false,
      "rtime": 7200,
      "clauses": 128
    },
    "/AIJ-artifact/LTLf-specific/benchmarks/benchmarks_ltlf/LTLfRandomConjunction/C100/100/N18": {
      "status": false,
      "rtime": 7200,
      "clauses": 132
    },
    "/AIJ-artifact/LTLf-specific/benchmarks/benchmarks_ltlf/LTLfRandomConjunction/C100/80/N7": {
      "status": false,
      "rtime": 7200,
      "clauses": 127
    },
    "/AIJ-artifact/LTLf-specific/benchmarks/benchmarks_ltlf/LTLfRandomConjunction/C100/100/N13": {
      "status": false,
      "rtime": 7200,
      "clauses": 123
    },
    "/AIJ-artifact/LTLf-specific/benchmarks/benchmarks_ltlf/LTLfRandomConjunction/C100/100/N39": {
      "status": false,
      "rtime": 7200,
      "clauses": 122
    },
    "/AIJ-artifact/LTLf-specific/benchmarks/benchmarks_ltlf/LTLfRandomConjunction/C100/60/N8": {
      "status": false,
      "rtime": 7200,
      "clauses": 127
    },
    "/AIJ-artifact/LTLf-specific/benchmarks/benchmarks_ltlf/LTLfRandomConjunction/C100/90/N45": {
      "status": false,
      "rtime": 7200,
      "clauses": 146
    },
    "/AIJ-artifact/LTLf-specific/benchmarks/benchmarks_ltlf/LTLfRandomConjunction/C100/20/N42": {
      "status": false,
      "rtime": 7200,
      "clauses": 127
    },
    "/AIJ-artifact/LTLf-specific/benchmarks/benchmarks_ltlf/LTLfRandomConjunction/C100/50/N15": {
      "status": false,
      "rtime": 7200,
      "clauses": 133
    },
    "/AIJ-artifact/LTLf-specific/benchmarks/benchmarks_ltlf/LTLfRandomConjunction/C100/30/N38": {
      "status": false,
      "rtime": 7200,
      "clauses": 135
    },
    "/AIJ-artifact/LTLf-specific/benchmarks/benchmarks_ltlf/LTLfRandomConjunction/C100/50/N29": {
      "status": false,
      "rtime": 7200,
      "clauses": 134
    },
    "/AIJ-artifact/LTLf-specific/benchmarks/benchmarks_ltlf/LTLfRandomConjunction/C100/80/N41": {
      "status": false,
      "rtime": 7200,
      "clauses": 143
    },
    "/AIJ-artifact/LTLf-specific/benchmarks/benchmarks_ltlf/LTLfRandomConjunction/C100/20/N34": {
      "status": false,
      "rtime": 7200,
      "clauses": 141
    },
    "/AIJ-artifact/LTLf-specific/benchmarks/benchmarks_ltlf/LTLfRandomConjunction/C100/30/N11": {
      "status": false,
      "rtime": 7200,
      "clauses": 136
    },
    "/AIJ-artifact/LTLf-specific/benchmarks/benchmarks_ltlf/LTLfRandomConjunction/C100/100/N15": {
      "status": false,
      "rtime": 7200,
      "clauses": 144
    },
    "/AIJ-artifact/LTLf-specific/benchmarks/benchmarks_ltlf/LTLfRandomConjunction/C100/60/N20": {
      "status": false,
      "rtime": 7200,
      "clauses": 137
    },
    "/AIJ-artifact/LTLf-specific/benchmarks/benchmarks_ltlf/LTLfRandomConjunction/C100/80/N23": {
      "status": false,
      "rtime": 7200,
      "clauses": 130
    },
    "/AIJ-artifact/LTLf-specific/benchmarks/benchmarks_ltlf/LTLfRandomConjunction/C100/100/N24": {
      "status": false,
      "rtime": 7200,
      "clauses": 126
    },
    "/AIJ-artifact/LTLf-specific/benchmarks/benchmarks_ltlf/LTLfRandomConjunction/C100/10/N15": {
      "status": false,
      "rtime": 7200,
      "clauses": 127
    },
    "/AIJ-artifact/LTLf-specific/benchmarks/benchmarks_ltlf/LTLfRandomConjunction/C100/20/N18": {
      "status": false,
      "rtime": 7200,
      "clauses": 137
    },
    "/AIJ-artifact/LTLf-specific/benchmarks/benchmarks_ltlf/LTLfRandomConjunction/C100/60/N32": {
      "status": false,
      "rtime": 7200,
      "clauses": 134
    },
    "/AIJ-artifact/LTLf-specific/benchmarks/benchmarks_ltlf/LTLfRandomConjunction/C100/100/N16": {
      "status": false,
      "rtime": 7200,
      "clauses": 136
    },
    "/AIJ-artifact/LTLf-specific/benchmarks/benchmarks_ltlf/LTLfRandomConjunction/C100/50/N26": {
      "status": false,
      "rtime": 7200,
      "clauses": 124
    },
    "/AIJ-artifact/LTLf-specific/benchmarks/benchmarks_ltlf/LTLfRandomConjunction/C100/50/N32": {
      "status": false,
      "rtime": 7200,
      "clauses": 127
    },
    "/AIJ-artifact/LTLf-specific/benchmarks/benchmarks_ltlf/LTLfRandomConjunction/C100/40/N25": {
      "status": false,
      "rtime": 7200,
      "clauses": 132
    },
    "/AIJ-artifact/LTLf-specific/benchmarks/benchmarks_ltlf/LTLfRandomConjunction/C100/100/N27": {
      "status": false,
      "rtime": 7200,
      "clauses": 137
    },
    "/AIJ-artifact/LTLf-specific/benchmarks/benchmarks_ltlf/LTLfRandomConjunction/C100/60/N15": {
      "status": false,
      "rtime": 7200,
      "clauses": 130
    },
    "/AIJ-artifact/LTLf-specific/benchmarks/benchmarks_ltlf/LTLfRandomConjunction/C100/10/N38": {
      "status": false,
      "rtime": 7200,
      "clauses": 138
    },
    "/AIJ-artifact/LTLf-specific/benchmarks/benchmarks_ltlf/LTLfRandomConjunction/C100/40/N23": {
      "status": false,
      "rtime": 7200,
      "clauses": 130
    },
    "/AIJ-artifact/LTLf-specific/benchmarks/benchmarks_ltlf/LTLfRandomConjunction/C100/30/N34": {
      "status": false,
      "rtime": 7200,
      "clauses": 134
    },
    "/AIJ-artifact/LTLf-specific/benchmarks/benchmarks_ltlf/LTLfRandomConjunction/C100/70/N17": {
      "status": false,
      "rtime": 7200,
      "clauses": 125
    },
    "/AIJ-artifact/LTLf-specific/benchmarks/benchmarks_ltlf/LTLfRandomConjunction/C100/30/N25": {
      "status": false,
      "rtime": 7200,
      "clauses": 128
    },
    "/AIJ-artifact/LTLf-specific/benchmarks/benchmarks_ltlf/LTLfRandomConjunction/C100/100/N34": {
      "status": false,
      "rtime": 7200,
      "clauses": 134
    },
    "/AIJ-artifact/LTLf-specific/benchmarks/benchmarks_ltlf/LTLfRandomConjunction/C100/20/N9": {
      "status": false,
      "rtime": 7200,
      "clauses": 136
    },
    "/AIJ-artifact/LTLf-specific/benchmarks/benchmarks_ltlf/LTLfRandomConjunction/C100/90/N5": {
      "status": false,
      "rtime": 7200,
      "clauses": 135
    },
    "/AIJ-artifact/LTLf-specific/benchmarks/benchmarks_ltlf/LTLfRandomConjunction/C100/30/N21": {
      "status": false,
      "rtime": 7200,
      "clauses": 126
    },
    "/AIJ-artifact/LTLf-specific/benchmarks/benchmarks_ltlf/LTLfRandomConjunction/C100/80/N28": {
      "status": false,
      "rtime": 7200,
      "clauses": 130
    },
    "/AIJ-artifact/LTLf-specific/benchmarks/benchmarks_ltlf/LTLfRandomConjunction/C100/40/N40": {
      "status": false,
      "rtime": 7200,
      "clauses": 127
    },
    "/AIJ-artifact/LTLf-specific/benchmarks/benchmarks_ltlf/LTLfRandomConjunction/C100/70/N2": {
      "status": false,
      "rtime": 7200,
      "clauses": 137
    },
    "/AIJ-artifact/LTLf-specific/benchmarks/benchmarks_ltlf/LTLfRandomConjunction/C100/90/N17": {
      "status": false,
      "rtime": 7200,
      "clauses": 123
    },
    "/AIJ-artifact/LTLf-specific/benchmarks/benchmarks_ltlf/LTLfRandomConjunction/C100/30/N24": {
      "status": false,
      "rtime": 7200,
      "clauses": 126
    },
    "/AIJ-artifact/LTLf-specific/benchmarks/benchmarks_ltlf/LTLfRandomConjunction/C100/30/N20": {
      "status": false,
      "rtime": 7200,
      "clauses": 127
    },
    "/AIJ-artifact/LTLf-specific/benchmarks/benchmarks_ltlf/LTLfRandomConjunction/C100/90/N42": {
      "status": false,
      "rtime": 7200,
      "clauses": 129
    },
    "/AIJ-artifact/LTLf-specific/benchmarks/benchmarks_ltlf/LTLfRandomConjunction/C100/80/N1": {
      "status": false,
      "rtime": 7200,
      "clauses": 130
    },
    "/AIJ-artifact/LTLf-specific/benchmarks/benchmarks_ltlf/LTLfRandomConjunction/C100/20/N44": {
      "status": false,
      "rtime": 7200,
      "clauses": 126
    },
    "/AIJ-artifact/LTLf-specific/benchmarks/benchmarks_ltlf/LTLfRandomConjunction/C100/60/N30": {
      "status": false,
      "rtime": 7200,
      "clauses": 128
    },
    "/AIJ-artifact/LTLf-specific/benchmarks/benchmarks_ltlf/LTLfRandomConjunction/C100/100/N8": {
      "status": false,
      "rtime": 7200,
      "clauses": 137
    },
    "/AIJ-artifact/LTLf-specific/benchmarks/benchmarks_ltlf/LTLfRandomConjunction/C100/20/N2": {
      "status": false,
      "rtime": 7200,
      "clauses": 135
    },
    "/AIJ-artifact/LTLf-specific/benchmarks/benchmarks_ltlf/LTLfRandomConjunction/C100/10/N26": {
      "status": false,
      "rtime": 7200,
      "clauses": 134
    },
    "/AIJ-artifact/LTLf-specific/benchmarks/benchmarks_ltlf/LTLfRandomConjunction/C100/40/N10": {
      "status": false,
      "rtime": 7200,
      "clauses": 126
    },
    "/AIJ-artifact/LTLf-specific/benchmarks/benchmarks_ltlf/LTLfRandomConjunction/C100/40/N34": {
      "status": false,
      "rtime": 7200,
      "clauses": 128
    },
    "/AIJ-artifact/LTLf-specific/benchmarks/benchmarks_ltlf/LTLfRandomConjunction/C100/10/N2": {
      "status": false,
      "rtime": 7200,
      "clauses": 139
    },
    "/AIJ-artifact/LTLf-specific/benchmarks/benchmarks_ltlf/LTLfRandomConjunction/C100/30/N14": {
      "status": false,
      "rtime": 7200,
      "clauses": 129
    },
    "/AIJ-artifact/LTLf-specific/benchmarks/benchmarks_ltlf/LTLfRandomConjunction/C100/30/N7": {
      "status": false,
      "rtime": 7200,
      "clauses": 132
    },
    "/AIJ-artifact/LTLf-specific/benchmarks/benchmarks_ltlf/LTLfRandomConjunction/C100/70/N16": {
      "status": false,
      "rtime": 7200,
      "clauses": 131
    },
    "/AIJ-artifact/LTLf-specific/benchmarks/benchmarks_ltlf/LTLfRandomConjunction/C100/100/N40": {
      "status": false,
      "rtime": 7200,
      "clauses": 131
    },
    "/AIJ-artifact/LTLf-specific/benchmarks/benchmarks_ltlf/LTLfRandomConjunction/C100/90/N37": {
      "status": false,
      "rtime": 7200,
      "clauses": 129
    },
    "/AIJ-artifact/LTLf-specific/benchmarks/benchmarks_ltlf/LTLfRandomConjunction/C100/10/N49": {
      "status": false,
      "rtime": 7200,
      "clauses": 126
    },
    "/AIJ-artifact/LTLf-specific/benchmarks/benchmarks_ltlf/LTLfRandomConjunction/C100/10/N17": {
      "status": false,
      "rtime": 7200,
      "clauses": 132
    },
    "/AIJ-artifact/LTLf-specific/benchmarks/benchmarks_ltlf/LTLfRandomConjunction/C100/40/N26": {
      "status": false,
      "rtime": 7200,
      "clauses": 128
    },
    "/AIJ-artifact/LTLf-specific/benchmarks/benchmarks_ltlf/LTLfRandomConjunction/C100/10/N47": {
      "status": false,
      "rtime": 7200,
      "clauses": 133
    },
    "/AIJ-artifact/LTLf-specific/benchmarks/benchmarks_ltlf/LTLfRandomConjunction/C100/50/N8": {
      "status": false,
      "rtime": 7200,
      "clauses": 123
    },
    "/AIJ-artifact/LTLf-specific/benchmarks/benchmarks_ltlf/LTLfRandomConjunction/C100/70/N39": {
      "status": false,
      "rtime": 7200,
      "clauses": 131
    },
    "/AIJ-artifact/LTLf-specific/benchmarks/benchmarks_ltlf/LTLfRandomConjunction/C100/40/N9": {
      "status": false,
      "rtime": 7200,
      "clauses": 133
    },
    "/AIJ-artifact/LTLf-specific/benchmarks/benchmarks_ltlf/LTLfRandomConjunction/C100/100/N20": {
      "status": false,
      "rtime": 7200,
      "clauses": 138
    },
    "/AIJ-artifact/LTLf-specific/benchmarks/benchmarks_ltlf/LTLfRandomConjunction/C100/100/N1": {
      "status": false,
      "rtime": 7200,
      "clauses": 124
    },
    "/AIJ-artifact/LTLf-specific/benchmarks/benchmarks_ltlf/LTLfRandomConjunction/C100/40/N24": {
      "status": false,
      "rtime": 7200,
      "clauses": 132
    },
    "/AIJ-artifact/LTLf-specific/benchmarks/benchmarks_ltlf/LTLfRandomConjunction/C100/10/N23": {
      "status": false,
      "rtime": 7200,
      "clauses": 125
    },
    "/AIJ-artifact/LTLf-specific/benchmarks/benchmarks_ltlf/LTLfRandomConjunction/C100/60/N5": {
      "status": false,
      "rtime": 7200,
      "clauses": 129
    },
    "/AIJ-artifact/LTLf-specific/benchmarks/benchmarks_ltlf/LTLfRandomConjunction/C100/60/N28": {
      "status": false,
      "rtime": 7200,
      "clauses": 135
    },
    "/AIJ-artifact/LTLf-specific/benchmarks/benchmarks_ltlf/LTLfRandomConjunction/C100/60/N44": {
      "status": false,
      "rtime": 7200,
      "clauses": 141
    },
    "/AIJ-artifact/LTLf-specific/benchmarks/benchmarks_ltlf/LTLfRandomConjunction/C100/20/N10": {
      "status": false,
      "rtime": 7200,
      "clauses": 122
    },
    "/AIJ-artifact/LTLf-specific/benchmarks/benchmarks_ltlf/LTLfRandomConjunction/C100/100/N41": {
      "status": false,
      "rtime": 7200,
      "clauses": 133
    },
    "/AIJ-artifact/LTLf-specific/benchmarks/benchmarks_ltlf/LTLfRandomConjunction/C100/40/N35": {
      "status": false,
      "rtime": 7200,
      "clauses": 125
    },
    "/AIJ-artifact/LTLf-specific/benchmarks/benchmarks_ltlf/LTLfRandomConjunction/C100/70/N50": {
      "status": false,
      "rtime": 7200,
      "clauses": 138
    },
    "/AIJ-artifact/LTLf-specific/benchmarks/benchmarks_ltlf/LTLfRandomConjunction/C100/80/N50": {
      "status": false,
      "rtime": 7200,
      "clauses": 136
    },
    "/AIJ-artifact/LTLf-specific/benchmarks/benchmarks_ltlf/LTLfRandomConjunction/C100/90/N25": {
      "status": false,
      "rtime": 7200,
      "clauses": 128
    },
    "/AIJ-artifact/LTLf-specific/benchmarks/benchmarks_ltlf/LTLfRandomConjunction/C100/40/N37": {
      "status": false,
      "rtime": 7200,
      "clauses": 126
    },
    "/AIJ-artifact/LTLf-specific/benchmarks/benchmarks_ltlf/LTLfRandomConjunction/C100/100/N33": {
      "status": false,
      "rtime": 7200,
      "clauses": 130
    },
    "/AIJ-artifact/LTLf-specific/benchmarks/benchmarks_ltlf/LTLfRandomConjunction/C100/50/N19": {
      "status": false,
      "rtime": 7200,
      "clauses": 133
    },
    "/AIJ-artifact/LTLf-specific/benchmarks/benchmarks_ltlf/LTLfRandomConjunction/C100/70/N46": {
      "status": false,
      "rtime": 7200,
      "clauses": 134
    },
    "/AIJ-artifact/LTLf-specific/benchmarks/benchmarks_ltlf/LTLfRandomConjunction/C100/10/N41": {
      "status": false,
      "rtime": 7200,
      "clauses": 131
    },
    "/AIJ-artifact/LTLf-specific/benchmarks/benchmarks_ltlf/LTLfRandomConjunction/C100/30/N4": {
      "status": false,
      "rtime": 7200,
      "clauses": 118
    },
    "/AIJ-artifact/LTLf-specific/benchmarks/benchmarks_ltlf/LTLfRandomConjunction/C100/100/N30": {
      "status": false,
      "rtime": 7200,
      "clauses": 143
    },
    "/AIJ-artifact/LTLf-specific/benchmarks/benchmarks_ltlf/LTLfRandomConjunction/C100/20/N27": {
      "status": false,
      "rtime": 7200,
      "clauses": 132
    },
    "/AIJ-artifact/LTLf-specific/benchmarks/benchmarks_ltlf/LTLfRandomConjunction/C100/40/N42": {
      "status": false,
      "rtime": 7200,
      "clauses": 131
    },
    "/AIJ-artifact/LTLf-specific/benchmarks/benchmarks_ltlf/LTLfRandomConjunction/C100/20/N8": {
      "status": false,
      "rtime": 7200,
      "clauses": 128
    },
    "/AIJ-artifact/LTLf-specific/benchmarks/benchmarks_ltlf/LTLfRandomConjunction/C100/80/N35": {
      "status": false,
      "rtime": 7200,
      "clauses": 130
    },
    "/AIJ-artifact/LTLf-specific/benchmarks/benchmarks_ltlf/LTLfRandomConjunction/C100/20/N31": {
      "status": false,
      "rtime": 7200,
      "clauses": 123
    },
    "/AIJ-artifact/LTLf-specific/benchmarks/benchmarks_ltlf/LTLfRandomConjunction/C100/80/N46": {
      "status": false,
      "rtime": 7200,
      "clauses": 139
    },
    "/AIJ-artifact/LTLf-specific/benchmarks/benchmarks_ltlf/LTLfRandomConjunction/C100/50/N20": {
      "status": false,
      "rtime": 7200,
      "clauses": 136
    },
    "/AIJ-artifact/LTLf-specific/benchmarks/benchmarks_ltlf/LTLfRandomConjunction/C100/10/N1": {
      "status": false,
      "rtime": 7200,
      "clauses": 131
    },
    "/AIJ-artifact/LTLf-specific/benchmarks/benchmarks_ltlf/LTLfRandomConjunction/C100/60/N7": {
      "status": false,
      "rtime": 7200,
      "clauses": 149
    },
    "/AIJ-artifact/LTLf-specific/benchmarks/benchmarks_ltlf/LTLfRandomConjunction/C100/30/N30": {
      "status": false,
      "rtime": 7200,
      "clauses": 120
    },
    "/AIJ-artifact/LTLf-specific/benchmarks/benchmarks_ltlf/LTLfRandomConjunction/C100/10/N27": {
      "status": false,
      "rtime": 7200,
      "clauses": 128
    },
    "/AIJ-artifact/LTLf-specific/benchmarks/benchmarks_ltlf/LTLfRandomConjunction/C100/90/N49": {
      "status": false,
      "rtime": 7200,
      "clauses": 135
    },
    "/AIJ-artifact/LTLf-specific/benchmarks/benchmarks_ltlf/LTLfRandomConjunction/C100/30/N1": {
      "status": false,
      "rtime": 7200,
      "clauses": 134
    },
    "/AIJ-artifact/LTLf-specific/benchmarks/benchmarks_ltlf/LTLfRandomConjunction/C100/60/N10": {
      "status": false,
      "rtime": 7200,
      "clauses": 133
    },
    "/AIJ-artifact/LTLf-specific/benchmarks/benchmarks_ltlf/LTLfRandomConjunction/C100/90/N6": {
      "status": false,
      "rtime": 7200,
      "clauses": 123
    },
    "/AIJ-artifact/LTLf-specific/benchmarks/benchmarks_ltlf/LTLfRandomConjunction/C100/30/N18": {
      "status": false,
      "rtime": 7200,
      "clauses": 127
    },
    "/AIJ-artifact/LTLf-specific/benchmarks/benchmarks_ltlf/LTLfRandomConjunction/C100/100/N36": {
      "status": false,
      "rtime": 7200,
      "clauses": 129
    },
    "/AIJ-artifact/LTLf-specific/benchmarks/benchmarks_ltlf/LTLfRandomConjunction/C100/20/N17": {
      "status": false,
      "rtime": 7200,
      "clauses": 141
    },
    "/AIJ-artifact/LTLf-specific/benchmarks/benchmarks_ltlf/LTLfRandomConjunction/C100/100/N12": {
      "status": false,
      "rtime": 7200,
      "clauses": 133
    },
    "/AIJ-artifact/LTLf-specific/benchmarks/benchmarks_ltlf/LTLfRandomConjunction/C100/60/N48": {
      "status": false,
      "rtime": 7200,
      "clauses": 136
    },
    "/AIJ-artifact/LTLf-specific/benchmarks/benchmarks_ltlf/LTLfRandomConjunction/C100/70/N22": {
      "status": false,
      "rtime": 7200,
      "clauses": 137
    },
    "/AIJ-artifact/LTLf-specific/benchmarks/benchmarks_ltlf/LTLfRandomConjunction/C100/90/N38": {
      "status": false,
      "rtime": 7200,
      "clauses": 136
    },
    "/AIJ-artifact/LTLf-specific/benchmarks/benchmarks_ltlf/LTLfRandomConjunction/C100/70/N26": {
      "status": false,
      "rtime": 7200,
      "clauses": 132
    },
    "/AIJ-artifact/LTLf-specific/benchmarks/benchmarks_ltlf/LTLfRandomConjunction/C100/20/N6": {
      "status": false,
      "rtime": 7200,
      "clauses": 122
    },
    "/AIJ-artifact/LTLf-specific/benchmarks/benchmarks_ltlf/LTLfRandomConjunction/C100/70/N33": {
      "status": false,
      "rtime": 7200,
      "clauses": 132
    },
    "/AIJ-artifact/LTLf-specific/benchmarks/benchmarks_ltlf/LTLfRandomConjunction/C100/90/N26": {
      "status": false,
      "rtime": 7200,
      "clauses": 137
    },
    "/AIJ-artifact/LTLf-specific/benchmarks/benchmarks_ltlf/LTLfRandomConjunction/C100/10/N19": {
      "status": false,
      "rtime": 7200,
      "clauses": 129
    },
    "/AIJ-artifact/LTLf-specific/benchmarks/benchmarks_ltlf/LTLfRandomConjunction/C100/20/N23": {
      "status": false,
      "rtime": 7200,
      "clauses": 131
    },
    "/AIJ-artifact/LTLf-specific/benchmarks/benchmarks_ltlf/LTLfRandomConjunction/C100/10/N8": {
      "status": false,
      "rtime": 7200,
      "clauses": 131
    },
    "/AIJ-artifact/LTLf-specific/benchmarks/benchmarks_ltlf/LTLfRandomConjunction/C100/10/N11": {
      "status": false,
      "rtime": 7200,
      "clauses": 132
    },
    "/AIJ-artifact/LTLf-specific/benchmarks/benchmarks_ltlf/LTLfRandomConjunction/C100/80/N47": {
      "status": false,
      "rtime": 7200,
      "clauses": 133
    },
    "/AIJ-artifact/LTLf-specific/benchmarks/benchmarks_ltlf/LTLfRandomConjunction/C100/80/N19": {
      "status": false,
      "rtime": 7200,
      "clauses": 129
    },
    "/AIJ-artifact/LTLf-specific/benchmarks/benchmarks_ltlf/LTLfRandomConjunction/C100/40/N8": {
      "status": false,
      "rtime": 7200,
      "clauses": 139
    },
    "/AIJ-artifact/LTLf-specific/benchmarks/benchmarks_ltlf/LTLfRandomConjunction/C100/50/N50": {
      "status": false,
      "rtime": 7200,
      "clauses": 128
    },
    "/AIJ-artifact/LTLf-specific/benchmarks/benchmarks_ltlf/LTLfRandomConjunction/C100/60/N16": {
      "status": false,
      "rtime": 7200,
      "clauses": 135
    },
    "/AIJ-artifact/LTLf-specific/benchmarks/benchmarks_ltlf/LTLfRandomConjunction/C100/70/N36": {
      "status": false,
      "rtime": 7200,
      "clauses": 130
    },
    "/AIJ-artifact/LTLf-specific/benchmarks/benchmarks_ltlf/LTLfRandomConjunction/C100/100/N19": {
      "status": false,
      "rtime": 7200,
      "clauses": 135
    },
    "/AIJ-artifact/LTLf-specific/benchmarks/benchmarks_ltlf/LTLfRandomConjunction/C100/80/N8": {
      "status": false,
      "rtime": 7200,
      "clauses": 138
    },
    "/AIJ-artifact/LTLf-specific/benchmarks/benchmarks_ltlf/LTLfRandomConjunction/C100/80/N39": {
      "status": false,
      "rtime": 7200,
      "clauses": 132
    },
    "/AIJ-artifact/LTLf-specific/benchmarks/benchmarks_ltlf/LTLfRandomConjunction/C100/80/N5": {
      "status": false,
      "rtime": 7200,
      "clauses": 123
    },
    "/AIJ-artifact/LTLf-specific/benchmarks/benchmarks_ltlf/LTLfRandomConjunction/C100/90/N18": {
      "status": false,
      "rtime": 7200,
      "clauses": 133
    },
    "/AIJ-artifact/LTLf-specific/benchmarks/benchmarks_ltlf/LTLfRandomConjunction/C100/50/N25": {
      "status": false,
      "rtime": 7200,
      "clauses": 131
    },
    "/AIJ-artifact/LTLf-specific/benchmarks/benchmarks_ltlf/LTLfRandomConjunction/C100/60/N2": {
      "status": false,
      "rtime": 7200,
      "clauses": 129
    },
    "/AIJ-artifact/LTLf-specific/benchmarks/benchmarks_ltlf/LTLfRandomConjunction/C100/60/N49": {
      "status": false,
      "rtime": 7200,
      "clauses": 127
    },
    "/AIJ-artifact/LTLf-specific/benchmarks/benchmarks_ltlf/LTLfRandomConjunction/C100/30/N50": {
      "status": false,
      "rtime": 7200,
      "clauses": 127
    },
    "/AIJ-artifact/LTLf-specific/benchmarks/benchmarks_ltlf/LTLfRandomConjunction/C100/90/N36": {
      "status": false,
      "rtime": 7200,
      "clauses": 136
    },
    "/AIJ-artifact/LTLf-specific/benchmarks/benchmarks_ltlf/LTLfRandomConjunction/C100/20/N20": {
      "status": false,
      "rtime": 7200,
      "clauses": 127
    },
    "/AIJ-artifact/LTLf-specific/benchmarks/benchmarks_ltlf/LTLfRandomConjunction/C100/60/N21": {
      "status": false,
      "rtime": 7200,
      "clauses": 139
    },
    "/AIJ-artifact/LTLf-specific/benchmarks/benchmarks_ltlf/LTLfRandomConjunction/C100/50/N2": {
      "status": false,
      "rtime": 7200,
      "clauses": 132
    },
    "/AIJ-artifact/LTLf-specific/benchmarks/benchmarks_ltlf/LTLfRandomConjunction/C100/80/N32": {
      "status": false,
      "rtime": 7200,
      "clauses": 139
    },
    "/AIJ-artifact/LTLf-specific/benchmarks/benchmarks_ltlf/LTLfRandomConjunction/C100/80/N6": {
      "status": false,
      "rtime": 7200,
      "clauses": 136
    },
    "/AIJ-artifact/LTLf-specific/benchmarks/benchmarks_ltlf/LTLfRandomConjunction/C100/20/N16": {
      "status": false,
      "rtime": 7200,
      "clauses": 123
    },
    "/AIJ-artifact/LTLf-specific/benchmarks/benchmarks_ltlf/LTLfRandomConjunction/C100/30/N6": {
      "status": false,
      "rtime": 7200,
      "clauses": 143
    },
    "/AIJ-artifact/LTLf-specific/benchmarks/benchmarks_ltlf/LTLfRandomConjunction/C100/60/N27": {
      "status": false,
      "rtime": 7200,
      "clauses": 140
    },
    "/AIJ-artifact/LTLf-specific/benchmarks/benchmarks_ltlf/LTLfRandomConjunction/C100/100/N26": {
      "status": false,
      "rtime": 7200,
      "clauses": 128
    },
    "/AIJ-artifact/LTLf-specific/benchmarks/benchmarks_ltlf/LTLfRandomConjunction/C100/60/N25": {
      "status": false,
      "rtime": 7200,
      "clauses": 130
    },
    "/AIJ-artifact/LTLf-specific/benchmarks/benchmarks_ltlf/LTLfRandomConjunction/C100/30/N28": {
      "status": false,
      "rtime": 7200,
      "clauses": 122
    },
    "/AIJ-artifact/LTLf-specific/benchmarks/benchmarks_ltlf/LTLfRandomConjunction/C100/60/N40": {
      "status": false,
      "rtime": 7200,
      "clauses": 129
    },
    "/AIJ-artifact/LTLf-specific/benchmarks/benchmarks_ltlf/LTLfRandomConjunction/C100/90/N14": {
      "status": false,
      "rtime": 7200,
      "clauses": 129
    },
    "/AIJ-artifact/LTLf-specific/benchmarks/benchmarks_ltlf/LTLfRandomConjunction/C100/50/N21": {
      "status": false,
      "rtime": 7200,
      "clauses": 133
    },
    "/AIJ-artifact/LTLf-specific/benchmarks/benchmarks_ltlf/LTLfRandomConjunction/C100/60/N11": {
      "status": false,
      "rtime": 7200,
      "clauses": 130
    },
    "/AIJ-artifact/LTLf-specific/benchmarks/benchmarks_ltlf/LTLfRandomConjunction/C100/70/N41": {
      "status": false,
      "rtime": 7200,
      "clauses": 127
    },
    "/AIJ-artifact/LTLf-specific/benchmarks/benchmarks_ltlf/LTLfRandomConjunction/C100/40/N17": {
      "status": false,
      "rtime": 7200,
      "clauses": 134
    },
    "/AIJ-artifact/LTLf-specific/benchmarks/benchmarks_ltlf/LTLfRandomConjunction/C100/20/N28": {
      "status": false,
      "rtime": 7200,
      "clauses": 129
    },
    "/AIJ-artifact/LTLf-specific/benchmarks/benchmarks_ltlf/LTLfRandomConjunction/C100/90/N27": {
      "status": false,
      "rtime": 7200,
      "clauses": 146
    },
    "/AIJ-artifact/LTLf-specific/benchmarks/benchmarks_ltlf/LTLfRandomConjunction/C100/30/N45": {
      "status": false,
      "rtime": 7200,
      "clauses": 131
    },
    "/AIJ-artifact/LTLf-specific/benchmarks/benchmarks_ltlf/LTLfRandomConjunction/C100/30/N22": {
      "status": false,
      "rtime": 7200,
      "clauses": 145
    },
    "/AIJ-artifact/LTLf-specific/benchmarks/benchmarks_ltlf/LTLfRandomConjunction/C100/70/N24": {
      "status": false,
      "rtime": 7200,
      "clauses": 133
    },
    "/AIJ-artifact/LTLf-specific/benchmarks/benchmarks_ltlf/LTLfRandomConjunction/C100/20/N14": {
      "status": false,
      "rtime": 7200,
      "clauses": 135
    },
    "/AIJ-artifact/LTLf-specific/benchmarks/benchmarks_ltlf/LTLfRandomConjunction/C100/70/N45": {
      "status": false,
      "rtime": 7200,
      "clauses": 132
    },
    "/AIJ-artifact/LTLf-specific/benchmarks/benchmarks_ltlf/LTLfRandomConjunction/C100/80/N26": {
      "status": false,
      "rtime": 7200,
      "clauses": 137
    },
    "/AIJ-artifact/LTLf-specific/benchmarks/benchmarks_ltlf/LTLfRandomConjunction/C100/70/N19": {
      "status": false,
      "rtime": 7200,
      "clauses": 134
    },
    "/AIJ-artifact/LTLf-specific/benchmarks/benchmarks_ltlf/LTLfRandomConjunction/C100/40/N11": {
      "status": false,
      "rtime": 7200,
      "clauses": 120
    },
    "/AIJ-artifact/LTLf-specific/benchmarks/benchmarks_ltlf/LTLfRandomConjunction/C100/60/N45": {
      "status": false,
      "rtime": 7200,
      "clauses": 132
    },
    "/AIJ-artifact/LTLf-specific/benchmarks/benchmarks_ltlf/LTLfRandomConjunction/C100/60/N9": {
      "status": false,
      "rtime": 7200,
      "clauses": 128
    },
    "/AIJ-artifact/LTLf-specific/benchmarks/benchmarks_ltlf/LTLfRandomConjunction/C100/40/N41": {
      "status": false,
      "rtime": 7200,
      "clauses": 136
    },
    "/AIJ-artifact/LTLf-specific/benchmarks/benchmarks_ltlf/LTLfRandomConjunction/C100/20/N3": {
      "status": false,
      "rtime": 7200,
      "clauses": 124
    },
    "/AIJ-artifact/LTLf-specific/benchmarks/benchmarks_ltlf/LTLfRandomConjunction/C100/60/N22": {
      "status": false,
      "rtime": 7200,
      "clauses": 130
    },
    "/AIJ-artifact/LTLf-specific/benchmarks/benchmarks_ltlf/LTLfRandomConjunction/C100/70/N13": {
      "status": false,
      "rtime": 7200,
      "clauses": 143
    },
    "/AIJ-artifact/LTLf-specific/benchmarks/benchmarks_ltlf/LTLfRandomConjunction/C100/90/N30": {
      "status": false,
      "rtime": 7200,
      "clauses": 128
    },
    "/AIJ-artifact/LTLf-specific/benchmarks/benchmarks_ltlf/LTLfRandomConjunction/C100/80/N48": {
      "status": false,
      "rtime": 7200,
      "clauses": 136
    },
    "/AIJ-artifact/LTLf-specific/benchmarks/benchmarks_ltlf/LTLfRandomConjunction/C100/60/N36": {
      "status": false,
      "rtime": 7200,
      "clauses": 121
    },
    "/AIJ-artifact/LTLf-specific/benchmarks/benchmarks_ltlf/LTLfRandomConjunction/C100/30/N41": {
      "status": false,
      "rtime": 7200,
      "clauses": 132
    },
    "/AIJ-artifact/LTLf-specific/benchmarks/benchmarks_ltlf/LTLfRandomConjunction/C100/40/N6": {
      "status": false,
      "rtime": 7200,
      "clauses": 139
    },
    "/AIJ-artifact/LTLf-specific/benchmarks/benchmarks_ltlf/LTLfRandomConjunction/C100/80/N43": {
      "status": false,
      "rtime": 7200,
      "clauses": 135
    },
    "/AIJ-artifact/LTLf-specific/benchmarks/benchmarks_ltlf/LTLfRandomConjunction/C100/90/N21": {
      "status": false,
      "rtime": 7200,
      "clauses": 137
    },
    "/AIJ-artifact/LTLf-specific/benchmarks/benchmarks_ltlf/LTLfRandomConjunction/C100/50/N22": {
      "status": false,
      "rtime": 7200,
      "clauses": 136
    },
    "/AIJ-artifact/LTLf-specific/benchmarks/benchmarks_ltlf/LTLfRandomConjunction/C100/90/N8": {
      "status": false,
      "rtime": 7200,
      "clauses": 140
    }
  }
}