{
  "preamble": {
    "program": "TRP++",
    "prog_alias": "trppp",
    "benchmark": "Li-et-al-AIJ2020-benchmark"
  },
  "stats": {
    "/AIJ-artifact/LTLf-specific/benchmarks/benchmarks_ltlf/LTLfRandomConjunction/C100/90/N43": {
      "status": true,
      "rtime": 578.159,
      "clauses": 123
    },
    "/AIJ-artifact/LTLf-specific/benchmarks/benchmarks_ltlf/LTLfRandomConjunction/C100/50/N40": {
      "status": true,
      "rtime": 3.569,
      "clauses": 135
    },
    "/AIJ-artifact/LTLf-specific/benchmarks/benchmarks_ltlf/LTLfRandomConjunction/C100/40/N48": {
      "status": true,
      "rtime": 2.191,
      "clauses": 124
    },
    "/AIJ-artifact/LTLf-specific/benchmarks/benchmarks_ltlf/LTLfRandomConjunction/C100/10/N5": {
      "status": true,
      "rtime": 3.816,
      "clauses": 130
    },
    "/AIJ-artifact/LTLf-specific/benchmarks/benchmarks_ltlf/LTLfRandomConjunction/C100/10/N45": {
      "status": true,
      "rtime": 4.366,
      "clauses": 132
    },
    "/AIJ-artifact/LTLf-specific/benchmarks/benchmarks_ltlf/LTLfRandomConjunction/C100/70/N4": {
      "status": false,
      "rtime": 5001,
      "clauses": 132
    },
    "/AIJ-artifact/LTLf-specific/benchmarks/benchmarks_ltlf/LTLfRandomConjunction/C100/10/N37": {
      "status": true,
      "rtime": 2.504,
      "clauses": 130
    },
    "/AIJ-artifact/LTLf-specific/benchmarks/benchmarks_ltlf/LTLfRandomConjunction/C100/20/N37": {
      "status": true,
      "rtime": 3.584,
      "clauses": 129
    },
    "/AIJ-artifact/LTLf-specific/benchmarks/benchmarks_ltlf/LTLfRandomConjunction/C100/30/N37": {
      "status": true,
      "rtime": 2.982,
      "clauses": 138
    },
    "/AIJ-artifact/LTLf-specific/benchmarks/benchmarks_ltlf/LTLfRandomConjunction/C100/50/N43": {
      "status": true,
      "rtime": 22.297,
      "clauses": 137
    },
    "/AIJ-artifact/LTLf-specific/benchmarks/benchmarks_ltlf/LTLfRandomConjunction/C100/70/N12": {
      "status": false,
      "rtime": 5001,
      "clauses": 128
    },
    "/AIJ-artifact/LTLf-specific/benchmarks/benchmarks_ltlf/LTLfRandomConjunction/C100/10/N13": {
      "status": true,
      "rtime": 4.335,
      "clauses": 127
    },
    "/AIJ-artifact/LTLf-specific/benchmarks/benchmarks_ltlf/LTLfRandomConjunction/C100/80/N12": {
      "status": false,
      "rtime": 5001,
      "clauses": 120
    },
    "/AIJ-artifact/LTLf-specific/benchmarks/benchmarks_ltlf/LTLfRandomConjunction/C100/10/N24": {
      "status": true,
      "rtime": 2.754,
      "clauses": 121
    },
    "/AIJ-artifact/LTLf-specific/benchmarks/benchmarks_ltlf/LTLfRandomConjunction/C100/40/N2": {
      "status": false,
      "rtime": 5001,
      "clauses": 133
    },
    "/AIJ-artifact/LTLf-specific/benchmarks/benchmarks_ltlf/LTLfRandomConjunction/C100/50/N37": {
      "status": true,
      "rtime": 2.314,
      "clauses": 126
    },
    "/AIJ-artifact/LTLf-specific/benchmarks/benchmarks_ltlf/LTLfRandomConjunction/C100/90/N10": {
      "status": true,
      "rtime": 1.949,
      "clauses": 122
    },
    "/AIJ-artifact/LTLf-specific/benchmarks/benchmarks_ltlf/LTLfRandomConjunction/C100/100/N14": {
      "status": true,
      "rtime": 5.213,
      "clauses": 137
    },
    "/AIJ-artifact/LTLf-specific/benchmarks/benchmarks_ltlf/LTLfRandomConjunction/C100/80/N44": {
      "status": true,
      "rtime": 82.937,
      "clauses": 127
    },
    "/AIJ-artifact/LTLf-specific/benchmarks/benchmarks_ltlf/LTLfRandomConjunction/C100/80/N18": {
      "status": false,
      "rtime": 5001,
      "clauses": 124
    },
    "/AIJ-artifact/LTLf-specific/benchmarks/benchmarks_ltlf/LTLfRandomConjunction/C100/40/N3": {
      "status": true,
      "rtime": 3.263,
      "clauses": 138
    },
    "/AIJ-artifact/LTLf-specific/benchmarks/benchmarks_ltlf/LTLfRandomConjunction/C100/10/N25": {
      "status": true,
      "rtime": 3.399,
      "clauses": 131
    },
    "/AIJ-artifact/LTLf-specific/benchmarks/benchmarks_ltlf/LTLfRandomConjunction/C100/90/N46": {
      "status": true,
      "rtime": 5.581,
      "clauses": 132
    },
    "/AIJ-artifact/LTLf-specific/benchmarks/benchmarks_ltlf/LTLfRandomConjunction/C100/80/N13": {
      "status": true,
      "rtime": 2.716,
      "clauses": 137
    },
    "/AIJ-artifact/LTLf-specific/benchmarks/benchmarks_ltlf/LTLfRandomConjunction/C100/30/N43": {
      "status": true,
      "rtime": 2.336,
      "clauses": 128
    },
    "/AIJ-artifact/LTLf-specific/benchmarks/benchmarks_ltlf/LTLfRandomConjunction/C100/90/N34": {
      "status": true,
      "rtime": 197.144,
      "clauses": 140
    },
    "/AIJ-artifact/LTLf-specific/benchmarks/benchmarks_ltlf/LTLfRandomConjunction/C100/10/N14": {
      "status": true,
      "rtime": 3.773,
      "clauses": 126
    },
    "/AIJ-artifact/LTLf-specific/benchmarks/benchmarks_ltlf/LTLfRandomConjunction/C100/100/N35": {
      "status": true,
      "rtime": 3.313,
      "clauses": 128
    },
    "/AIJ-artifact/LTLf-specific/benchmarks/benchmarks_ltlf/LTLfRandomConjunction/C100/10/N9": {
      "status": true,
      "rtime": 4.036,
      "clauses": 142
    },
    "/AIJ-artifact/LTLf-specific/benchmarks/benchmarks_ltlf/LTLfRandomConjunction/C100/10/N35": {
      "status": true,
      "rtime": 3.044,
      "clauses": 129
    },
    "/AIJ-artifact/LTLf-specific/benchmarks/benchmarks_ltlf/LTLfRandomConjunction/C100/100/N9": {
      "status": false,
      "rtime": 5001,
      "clauses": 130
    },
    "/AIJ-artifact/LTLf-specific/benchmarks/benchmarks_ltlf/LTLfRandomConjunction/C100/20/N29": {
      "status": true,
      "rtime": 23.852,
      "clauses": 132
    },
    "/AIJ-artifact/LTLf-specific/benchmarks/benchmarks_ltlf/LTLfRandomConjunction/C100/60/N6": {
      "status": true,
      "rtime": 2.705,
      "clauses": 129
    },
    "/AIJ-artifact/LTLf-specific/benchmarks/benchmarks_ltlf/LTLfRandomConjunction/C100/80/N33": {
      "status": false,
      "rtime": 5001,
      "clauses": 138
    },
    "/AIJ-artifact/LTLf-specific/benchmarks/benchmarks_ltlf/LTLfRandomConjunction/C100/30/N42": {
      "status": false,
      "rtime": 5001,
      "clauses": 139
    },
    "/AIJ-artifact/LTLf-specific/benchmarks/benchmarks_ltlf/LTLfRandomConjunction/C100/10/N28": {
      "status": true,
      "rtime": 2.094,
      "clauses": 122
    },
    "/AIJ-artifact/LTLf-specific/benchmarks/benchmarks_ltlf/LTLfRandomConjunction/C100/100/N4": {
      "status": true,
      "rtime": 398.285,
      "clauses": 131
    },
    "/AIJ-artifact/LTLf-specific/benchmarks/benchmarks_ltlf/LTLfRandomConjunction/C100/80/N25": {
      "status": false,
      "rtime": 5001,
      "clauses": 130
    },
    "/AIJ-artifact/LTLf-specific/benchmarks/benchmarks_ltlf/LTLfRandomConjunction/C100/40/N19": {
      "status": true,
      "rtime": 13.064,
      "clauses": 126
    },
    "/AIJ-artifact/LTLf-specific/benchmarks/benchmarks_ltlf/LTLfRandomConjunction/C100/30/N2": {
      "status": true,
      "rtime": 2.276,
      "clauses": 125
    },
    "/AIJ-artifact/LTLf-specific/benchmarks/benchmarks_ltlf/LTLfRandomConjunction/C100/80/N31": {
      "status": false,
      "rtime": 5001,
      "clauses": 129
    },
    "/AIJ-artifact/LTLf-specific/benchmarks/benchmarks_ltlf/LTLfRandomConjunction/C100/20/N4": {
      "status": true,
      "rtime": 4.141,
      "clauses": 147
    },
    "/AIJ-artifact/LTLf-specific/benchmarks/benchmarks_ltlf/LTLfRandomConjunction/C100/20/N32": {
      "status": true,
      "rtime": 2.92,
      "clauses": 134
    },
    "/AIJ-artifact/LTLf-specific/benchmarks/benchmarks_ltlf/LTLfRandomConjunction/C100/80/N10": {
      "status": false,
      "rtime": 5001,
      "clauses": 129
    },
    "/AIJ-artifact/LTLf-specific/benchmarks/benchmarks_ltlf/LTLfRandomConjunction/C100/80/N40": {
      "status": false,
      "rtime": 5001,
      "clauses": 127
    },
    "/AIJ-artifact/LTLf-specific/benchmarks/benchmarks_ltlf/LTLfRandomConjunction/C100/90/N20": {
      "status": true,
      "rtime": 30.46,
      "clauses": 139
    },
    "/AIJ-artifact/LTLf-specific/benchmarks/benchmarks_ltlf/LTLfRandomConjunction/C100/40/N29": {
      "status": false,
      "rtime": 5001,
      "clauses": 123
    },
    "/AIJ-artifact/LTLf-specific/benchmarks/benchmarks_ltlf/LTLfRandomConjunction/C100/20/N40": {
      "status": true,
      "rtime": 5.204,
      "clauses": 129
    },
    "/AIJ-artifact/LTLf-specific/benchmarks/benchmarks_ltlf/LTLfRandomConjunction/C100/70/N18": {
      "status": false,
      "rtime": 5001,
      "clauses": 144
    },
    "/AIJ-artifact/LTLf-specific/benchmarks/benchmarks_ltlf/LTLfRandomConjunction/C100/10/N42": {
      "status": true,
      "rtime": 4.984,
      "clauses": 135
    },
    "/AIJ-artifact/LTLf-specific/benchmarks/benchmarks_ltlf/LTLfRandomConjunction/C100/70/N28": {
      "status": false,
      "rtime": 5001,
      "clauses": 142
    },
    "/AIJ-artifact/LTLf-specific/benchmarks/benchmarks_ltlf/LTLfRandomConjunction/C100/50/N39": {
      "status": true,
      "rtime": 8.935,
      "clauses": 127
    },
    "/AIJ-artifact/LTLf-specific/benchmarks/benchmarks_ltlf/LTLfRandomConjunction/C100/90/N15": {
      "status": false,
      "rtime": 5001,
      "clauses": 133
    },
    "/AIJ-artifact/LTLf-specific/benchmarks/benchmarks_ltlf/LTLfRandomConjunction/C100/60/N13": {
      "status": false,
      "rtime": 5001,
      "clauses": 139
    },
    "/AIJ-artifact/LTLf-specific/benchmarks/benchmarks_ltlf/LTLfRandomConjunction/C100/30/N36": {
      "status": false,
      "rtime": 5001,
      "clauses": 129
    },
    "/AIJ-artifact/LTLf-specific/benchmarks/benchmarks_ltlf/LTLfRandomConjunction/C100/70/N37": {
      "status": true,
      "rtime": 42.524,
      "clauses": 119
    },
    "/AIJ-artifact/LTLf-specific/benchmarks/benchmarks_ltlf/LTLfRandomConjunction/C100/90/N39": {
      "status": true,
      "rtime": 21.139,
      "clauses": 126
    },
    "/AIJ-artifact/LTLf-specific/benchmarks/benchmarks_ltlf/LTLfRandomConjunction/C100/70/N49": {
      "status": false,
      "rtime": 5001,
      "clauses": 135
    },
    "/AIJ-artifact/LTLf-specific/benchmarks/benchmarks_ltlf/LTLfRandomConjunction/C100/60/N34": {
      "status": true,
      "rtime": 2.835,
      "clauses": 128
    },
    "/AIJ-artifact/LTLf-specific/benchmarks/benchmarks_ltlf/LTLfRandomConjunction/C100/50/N45": {
      "status": false,
      "rtime": 5001,
      "clauses": 133
    },
    "/AIJ-artifact/LTLf-specific/benchmarks/benchmarks_ltlf/LTLfRandomConjunction/C100/70/N15": {
      "status": true,
      "rtime": 11.999,
      "clauses": 125
    },
    "/AIJ-artifact/LTLf-specific/benchmarks/benchmarks_ltlf/LTLfRandomConjunction/C100/60/N3": {
      "status": false,
      "rtime": 5001,
      "clauses": 126
    },
    "/AIJ-artifact/LTLf-specific/benchmarks/benchmarks_ltlf/LTLfRandomConjunction/C100/50/N16": {
      "status": false,
      "rtime": 5001,
      "clauses": 131
    },
    "/AIJ-artifact/LTLf-specific/benchmarks/benchmarks_ltlf/LTLfRandomConjunction/C100/60/N26": {
      "status": false,
      "rtime": 5001,
      "clauses": 137
    },
    "/AIJ-artifact/LTLf-specific/benchmarks/benchmarks_ltlf/LTLfRandomConjunction/C100/70/N43": {
      "status": false,
      "rtime": 5001,
      "clauses": 131
    },
    "/AIJ-artifact/LTLf-specific/benchmarks/benchmarks_ltlf/LTLfRandomConjunction/C100/40/N38": {
      "status": true,
      "rtime": 39.958,
      "clauses": 135
    },
    "/AIJ-artifact/LTLf-specific/benchmarks/benchmarks_ltlf/LTLfRandomConjunction/C100/90/N19": {
      "status": false,
      "rtime": 5001,
      "clauses": 129
    },
    "/AIJ-artifact/LTLf-specific/benchmarks/benchmarks_ltlf/LTLfRandomConjunction/C100/10/N4": {
      "status": true,
      "rtime": 6.88,
      "clauses": 131
    },
    "/AIJ-artifact/LTLf-specific/benchmarks/benchmarks_ltlf/LTLfRandomConjunction/C100/90/N29": {
      "status": false,
      "rtime": 5001,
      "clauses": 133
    },
    "/AIJ-artifact/LTLf-specific/benchmarks/benchmarks_ltlf/LTLfRandomConjunction/C100/100/N5": {
      "status": true,
      "rtime": 3.503,
      "clauses": 134
    },
    "/AIJ-artifact/LTLf-specific/benchmarks/benchmarks_ltlf/LTLfRandomConjunction/C100/80/N2": {
      "status": false,
      "rtime": 5001,
      "clauses": 137
    },
    "/AIJ-artifact/LTLf-specific/benchmarks/benchmarks_ltlf/LTLfRandomConjunction/C100/10/N12": {
      "status": true,
      "rtime": 2.583,
      "clauses": 134
    },
    "/AIJ-artifact/LTLf-specific/benchmarks/benchmarks_ltlf/LTLfRandomConjunction/C100/10/N33": {
      "status": true,
      "rtime": 1.831,
      "clauses": 123
    },
    "/AIJ-artifact/LTLf-specific/benchmarks/benchmarks_ltlf/LTLfRandomConjunction/C100/20/N5": {
      "status": true,
      "rtime": 2.918,
      "clauses": 133
    },
    "/AIJ-artifact/LTLf-specific/benchmarks/benchmarks_ltlf/LTLfRandomConjunction/C100/70/N44": {
      "status": true,
      "rtime": 95.082,
      "clauses": 144
    },
    "/AIJ-artifact/LTLf-specific/benchmarks/benchmarks_ltlf/LTLfRandomConjunction/C100/80/N42": {
      "status": false,
      "rtime": 5001,
      "clauses": 130
    },
    "/AIJ-artifact/LTLf-specific/benchmarks/benchmarks_ltlf/LTLfRandomConjunction/C100/40/N50": {
      "status": false,
      "rtime": 5001,
      "clauses": 142
    },
    "/AIJ-artifact/LTLf-specific/benchmarks/benchmarks_ltlf/LTLfRandomConjunction/C100/40/N1": {
      "status": true,
      "rtime": 2.502,
      "clauses": 132
    },
    "/AIJ-artifact/LTLf-specific/benchmarks/benchmarks_ltlf/LTLfRandomConjunction/C100/20/N48": {
      "status": true,
      "rtime": 60.662,
      "clauses": 127
    },
    "/AIJ-artifact/LTLf-specific/benchmarks/benchmarks_ltlf/LTLfRandomConjunction/C100/70/N1": {
      "status": false,
      "rtime": 5001,
      "clauses": 133
    },
    "/AIJ-artifact/LTLf-specific/benchmarks/benchmarks_ltlf/LTLfRandomConjunction/C100/100/N48": {
      "status": false,
      "rtime": 5001,
      "clauses": 138
    },
    "/AIJ-artifact/LTLf-specific/benchmarks/benchmarks_ltlf/LTLfRandomConjunction/C100/40/N13": {
      "status": true,
      "rtime": 298.639,
      "clauses": 145
    },
    "/AIJ-artifact/LTLf-specific/benchmarks/benchmarks_ltlf/LTLfRandomConjunction/C100/50/N7": {
      "status": false,
      "rtime": 5001,
      "clauses": 134
    },
    "/AIJ-artifact/LTLf-specific/benchmarks/benchmarks_ltlf/LTLfRandomConjunction/C100/40/N20": {
      "status": false,
      "rtime": 5001,
      "clauses": 135
    },
    "/AIJ-artifact/LTLf-specific/benchmarks/benchmarks_ltlf/LTLfRandomConjunction/C100/70/N32": {
      "status": true,
      "rtime": 3.25,
      "clauses": 134
    },
    "/AIJ-artifact/LTLf-specific/benchmarks/benchmarks_ltlf/LTLfRandomConjunction/C100/50/N18": {
      "status": true,
      "rtime": 121.497,
      "clauses": 130
    },
    "/AIJ-artifact/LTLf-specific/benchmarks/benchmarks_ltlf/LTLfRandomConjunction/C100/10/N21": {
      "status": true,
      "rtime": 3.2,
      "clauses": 126
    },
    "/AIJ-artifact/LTLf-specific/benchmarks/benchmarks_ltlf/LTLfRandomConjunction/C100/50/N46": {
      "status": false,
      "rtime": 5001,
      "clauses": 121
    },
    "/AIJ-artifact/LTLf-specific/benchmarks/benchmarks_ltlf/LTLfRandomConjunction/C100/60/N31": {
      "status": false,
      "rtime": 5001,
      "clauses": 128
    },
    "/AIJ-artifact/LTLf-specific/benchmarks/benchmarks_ltlf/LTLfRandomConjunction/C100/40/N44": {
      "status": true,
      "rtime": 12.038,
      "clauses": 123
    },
    "/AIJ-artifact/LTLf-specific/benchmarks/benchmarks_ltlf/LTLfRandomConjunction/C100/100/N42": {
      "status": false,
      "rtime": 5001,
      "clauses": 146
    },
    "/AIJ-artifact/LTLf-specific/benchmarks/benchmarks_ltlf/LTLfRandomConjunction/C100/40/N4": {
      "status": true,
      "rtime": 8.504,
      "clauses": 131
    },
    "/AIJ-artifact/LTLf-specific/benchmarks/benchmarks_ltlf/LTLfRandomConjunction/C100/100/N47": {
      "status": false,
      "rtime": 5001,
      "clauses": 127
    },
    "/AIJ-artifact/LTLf-specific/benchmarks/benchmarks_ltlf/LTLfRandomConjunction/C100/20/N11": {
      "status": true,
      "rtime": 14.62,
      "clauses": 141
    },
    "/AIJ-artifact/LTLf-specific/benchmarks/benchmarks_ltlf/LTLfRandomConjunction/C100/10/N30": {
      "status": true,
      "rtime": 7.177,
      "clauses": 132
    },
    "/AIJ-artifact/LTLf-specific/benchmarks/benchmarks_ltlf/LTLfRandomConjunction/C100/20/N36": {
      "status": true,
      "rtime": 2.734,
      "clauses": 129
    },
    "/AIJ-artifact/LTLf-specific/benchmarks/benchmarks_ltlf/LTLfRandomConjunction/C100/70/N11": {
      "status": false,
      "rtime": 5001,
      "clauses": 136
    },
    "/AIJ-artifact/LTLf-specific/benchmarks/benchmarks_ltlf/LTLfRandomConjunction/C100/40/N49": {
      "status": false,
      "rtime": 5001,
      "clauses": 138
    },
    "/AIJ-artifact/LTLf-specific/benchmarks/benchmarks_ltlf/LTLfRandomConjunction/C100/10/N43": {
      "status": true,
      "rtime": 3.483,
      "clauses": 129
    },
    "/AIJ-artifact/LTLf-specific/benchmarks/benchmarks_ltlf/LTLfRandomConjunction/C100/70/N10": {
      "status": false,
      "rtime": 5001,
      "clauses": 143
    },
    "/AIJ-artifact/LTLf-specific/benchmarks/benchmarks_ltlf/LTLfRandomConjunction/C100/100/N46": {
      "status": true,
      "rtime": 14.913,
      "clauses": 137
    },
    "/AIJ-artifact/LTLf-specific/benchmarks/benchmarks_ltlf/LTLfRandomConjunction/C100/50/N5": {
      "status": true,
      "rtime": 2.195,
      "clauses": 122
    },
    "/AIJ-artifact/LTLf-specific/benchmarks/benchmarks_ltlf/LTLfRandomConjunction/C100/100/N17": {
      "status": true,
      "rtime": 3.732,
      "clauses": 131
    },
    "/AIJ-artifact/LTLf-specific/benchmarks/benchmarks_ltlf/LTLfRandomConjunction/C100/40/N43": {
      "status": true,
      "rtime": 1.795,
      "clauses": 118
    },
    "/AIJ-artifact/LTLf-specific/benchmarks/benchmarks_ltlf/LTLfRandomConjunction/C100/90/N12": {
      "status": false,
      "rtime": 5001,
      "clauses": 126
    },
    "/AIJ-artifact/LTLf-specific/benchmarks/benchmarks_ltlf/LTLfRandomConjunction/C100/100/N44": {
      "status": false,
      "rtime": 5001,
      "clauses": 146
    },
    "/AIJ-artifact/LTLf-specific/benchmarks/benchmarks_ltlf/LTLfRandomConjunction/C100/70/N25": {
      "status": true,
      "rtime": 2.532,
      "clauses": 131
    },
    "/AIJ-artifact/LTLf-specific/benchmarks/benchmarks_ltlf/LTLfRandomConjunction/C100/80/N17": {
      "status": false,
      "rtime": 5001,
      "clauses": 132
    },
    "/AIJ-artifact/LTLf-specific/benchmarks/benchmarks_ltlf/LTLfRandomConjunction/C100/40/N28": {
      "status": true,
      "rtime": 1.906,
      "clauses": 120
    },
    "/AIJ-artifact/LTLf-specific/benchmarks/benchmarks_ltlf/LTLfRandomConjunction/C100/20/N49": {
      "status": true,
      "rtime": 3.456,
      "clauses": 132
    },
    "/AIJ-artifact/LTLf-specific/benchmarks/benchmarks_ltlf/LTLfRandomConjunction/C100/90/N13": {
      "status": false,
      "rtime": 5001,
      "clauses": 140
    },
    "/AIJ-artifact/LTLf-specific/benchmarks/benchmarks_ltlf/LTLfRandomConjunction/C100/20/N26": {
      "status": true,
      "rtime": 3.216,
      "clauses": 134
    },
    "/AIJ-artifact/LTLf-specific/benchmarks/benchmarks_ltlf/LTLfRandomConjunction/C100/20/N15": {
      "status": true,
      "rtime": 9.795,
      "clauses": 142
    },
    "/AIJ-artifact/LTLf-specific/benchmarks/benchmarks_ltlf/LTLfRandomConjunction/C100/10/N20": {
      "status": true,
      "rtime": 2.474,
      "clauses": 128
    },
    "/AIJ-artifact/LTLf-specific/benchmarks/benchmarks_ltlf/LTLfRandomConjunction/C100/70/N23": {
      "status": false,
      "rtime": 5001,
      "clauses": 126
    },
    "/AIJ-artifact/LTLf-specific/benchmarks/benchmarks_ltlf/LTLfRandomConjunction/C100/60/N41": {
      "status": false,
      "rtime": 5001,
      "clauses": 134
    },
    "/AIJ-artifact/LTLf-specific/benchmarks/benchmarks_ltlf/LTLfRandomConjunction/C100/10/N50": {
      "status": true,
      "rtime": 2.28,
      "clauses": 119
    },
    "/AIJ-artifact/LTLf-specific/benchmarks/benchmarks_ltlf/LTLfRandomConjunction/C100/40/N27": {
      "status": false,
      "rtime": 5001,
      "clauses": 126
    },
    "/AIJ-artifact/LTLf-specific/benchmarks/benchmarks_ltlf/LTLfRandomConjunction/C100/90/N50": {
      "status": false,
      "rtime": 5001,
      "clauses": 127
    },
    "/AIJ-artifact/LTLf-specific/benchmarks/benchmarks_ltlf/LTLfRandomConjunction/C100/90/N48": {
      "status": true,
      "rtime": 280.212,
      "clauses": 126
    },
    "/AIJ-artifact/LTLf-specific/benchmarks/benchmarks_ltlf/LTLfRandomConjunction/C100/50/N13": {
      "status": false,
      "rtime": 5001,
      "clauses": 128
    },
    "/AIJ-artifact/LTLf-specific/benchmarks/benchmarks_ltlf/LTLfRandomConjunction/C100/80/N4": {
      "status": false,
      "rtime": 5001,
      "clauses": 133
    },
    "/AIJ-artifact/LTLf-specific/benchmarks/benchmarks_ltlf/LTLfRandomConjunction/C100/10/N46": {
      "status": true,
      "rtime": 4.551,
      "clauses": 128
    },
    "/AIJ-artifact/LTLf-specific/benchmarks/benchmarks_ltlf/LTLfRandomConjunction/C100/80/N45": {
      "status": true,
      "rtime": 3.255,
      "clauses": 138
    },
    "/AIJ-artifact/LTLf-specific/benchmarks/benchmarks_ltlf/LTLfRandomConjunction/C100/10/N29": {
      "status": true,
      "rtime": 5.247,
      "clauses": 136
    },
    "/AIJ-artifact/LTLf-specific/benchmarks/benchmarks_ltlf/LTLfRandomConjunction/C100/50/N35": {
      "status": false,
      "rtime": 5001,
      "clauses": 127
    },
    "/AIJ-artifact/LTLf-specific/benchmarks/benchmarks_ltlf/LTLfRandomConjunction/C100/30/N9": {
      "status": true,
      "rtime": 2.441,
      "clauses": 134
    },
    "/AIJ-artifact/LTLf-specific/benchmarks/benchmarks_ltlf/LTLfRandomConjunction/C100/40/N14": {
      "status": true,
      "rtime": 4.892,
      "clauses": 139
    },
    "/AIJ-artifact/LTLf-specific/benchmarks/benchmarks_ltlf/LTLfRandomConjunction/C100/10/N6": {
      "status": true,
      "rtime": 6.117,
      "clauses": 128
    },
    "/AIJ-artifact/LTLf-specific/benchmarks/benchmarks_ltlf/LTLfRandomConjunction/C100/90/N9": {
      "status": true,
      "rtime": 2.399,
      "clauses": 126
    },
    "/AIJ-artifact/LTLf-specific/benchmarks/benchmarks_ltlf/LTLfRandomConjunction/C100/90/N41": {
      "status": false,
      "rtime": 5001,
      "clauses": 130
    },
    "/AIJ-artifact/LTLf-specific/benchmarks/benchmarks_ltlf/LTLfRandomConjunction/C100/60/N46": {
      "status": true,
      "rtime": 2.761,
      "clauses": 132
    },
    "/AIJ-artifact/LTLf-specific/benchmarks/benchmarks_ltlf/LTLfRandomConjunction/C100/30/N10": {
      "status": false,
      "rtime": 5001,
      "clauses": 130
    },
    "/AIJ-artifact/LTLf-specific/benchmarks/benchmarks_ltlf/LTLfRandomConjunction/C100/80/N9": {
      "status": true,
      "rtime": 2.417,
      "clauses": 128
    },
    "/AIJ-artifact/LTLf-specific/benchmarks/benchmarks_ltlf/LTLfRandomConjunction/C100/80/N49": {
      "status": false,
      "rtime": 5001,
      "clauses": 132
    },
    "/AIJ-artifact/LTLf-specific/benchmarks/benchmarks_ltlf/LTLfRandomConjunction/C100/50/N6": {
      "status": false,
      "rtime": 5001,
      "clauses": 124
    },
    "/AIJ-artifact/LTLf-specific/benchmarks/benchmarks_ltlf/LTLfRandomConjunction/C100/70/N8": {
      "status": false,
      "rtime": 5001,
      "clauses": 133
    },
    "/AIJ-artifact/LTLf-specific/benchmarks/benchmarks_ltlf/LTLfRandomConjunction/C100/20/N7": {
      "status": true,
      "rtime": 8.065,
      "clauses": 148
    },
    "/AIJ-artifact/LTLf-specific/benchmarks/benchmarks_ltlf/LTLfRandomConjunction/C100/40/N31": {
      "status": true,
      "rtime": 2.26,
      "clauses": 130
    },
    "/AIJ-artifact/LTLf-specific/benchmarks/benchmarks_ltlf/LTLfRandomConjunction/C100/50/N47": {
      "status": false,
      "rtime": 5001,
      "clauses": 133
    },
    "/AIJ-artifact/LTLf-specific/benchmarks/benchmarks_ltlf/LTLfRandomConjunction/C100/50/N36": {
      "status": false,
      "rtime": 5001,
      "clauses": 120
    },
    "/AIJ-artifact/LTLf-specific/benchmarks/benchmarks_ltlf/LTLfRandomConjunction/C100/100/N25": {
      "status": false,
      "rtime": 5001,
      "clauses": 129
    },
    "/AIJ-artifact/LTLf-specific/benchmarks/benchmarks_ltlf/LTLfRandomConjunction/C100/50/N17": {
      "status": false,
      "rtime": 5001,
      "clauses": 142
    },
    "/AIJ-artifact/LTLf-specific/benchmarks/benchmarks_ltlf/LTLfRandomConjunction/C100/40/N46": {
      "status": true,
      "rtime": 14.302,
      "clauses": 127
    },
    "/AIJ-artifact/LTLf-specific/benchmarks/benchmarks_ltlf/LTLfRandomConjunction/C100/20/N35": {
      "status": true,
      "rtime": 3.167,
      "clauses": 125
    },
    "/AIJ-artifact/LTLf-specific/benchmarks/benchmarks_ltlf/LTLfRandomConjunction/C100/30/N40": {
      "status": true,
      "rtime": 74.649,
      "clauses": 131
    },
    "/AIJ-artifact/LTLf-specific/benchmarks/benchmarks_ltlf/LTLfRandomConjunction/C100/20/N24": {
      "status": true,
      "rtime": 3.745,
      "clauses": 137
    },
    "/AIJ-artifact/LTLf-specific/benchmarks/benchmarks_ltlf/LTLfRandomConjunction/C100/70/N3": {
      "status": false,
      "rtime": 5001,
      "clauses": 129
    },
    "/AIJ-artifact/LTLf-specific/benchmarks/benchmarks_ltlf/LTLfRandomConjunction/C100/80/N14": {
      "status": false,
      "rtime": 5001,
      "clauses": 139
    },
    "/AIJ-artifact/LTLf-specific/benchmarks/benchmarks_ltlf/LTLfRandomConjunction/C100/100/N37": {
      "status": false,
      "rtime": 5001,
      "clauses": 129
    },
    "/AIJ-artifact/LTLf-specific/benchmarks/benchmarks_ltlf/LTLfRandomConjunction/C100/90/N4": {
      "status": false,
      "rtime": 5001,
      "clauses": 132
    },
    "/AIJ-artifact/LTLf-specific/benchmarks/benchmarks_ltlf/LTLfRandomConjunction/C100/70/N5": {
      "status": false,
      "rtime": 5001,
      "clauses": 132
    },
    "/AIJ-artifact/LTLf-specific/benchmarks/benchmarks_ltlf/LTLfRandomConjunction/C100/40/N18": {
      "status": false,
      "rtime": 5001,
      "clauses": 144
    },
    "/AIJ-artifact/LTLf-specific/benchmarks/benchmarks_ltlf/LTLfRandomConjunction/C100/10/N10": {
      "status": true,
      "rtime": 3.337,
      "clauses": 123
    },
    "/AIJ-artifact/LTLf-specific/benchmarks/benchmarks_ltlf/LTLfRandomConjunction/C100/60/N1": {
      "status": false,
      "rtime": 5001,
      "clauses": 123
    },
    "/AIJ-artifact/LTLf-specific/benchmarks/benchmarks_ltlf/LTLfRandomConjunction/C100/40/N22": {
      "status": false,
      "rtime": 5001,
      "clauses": 131
    },
    "/AIJ-artifact/LTLf-specific/benchmarks/benchmarks_ltlf/LTLfRandomConjunction/C100/40/N45": {
      "status": false,
      "rtime": 5001,
      "clauses": 139
    },
    "/AIJ-artifact/LTLf-specific/benchmarks/benchmarks_ltlf/LTLfRandomConjunction/C100/70/N27": {
      "status": true,
      "rtime": 3.09,
      "clauses": 133
    },
    "/AIJ-artifact/LTLf-specific/benchmarks/benchmarks_ltlf/LTLfRandomConjunction/C100/40/N15": {
      "status": true,
      "rtime": 3.193,
      "clauses": 125
    },
    "/AIJ-artifact/LTLf-specific/benchmarks/benchmarks_ltlf/LTLfRandomConjunction/C100/90/N22": {
      "status": false,
      "rtime": 5001,
      "clauses": 128
    },
    "/AIJ-artifact/LTLf-specific/benchmarks/benchmarks_ltlf/LTLfRandomConjunction/C100/90/N1": {
      "status": true,
      "rtime": 2.84,
      "clauses": 134
    },
    "/AIJ-artifact/LTLf-specific/benchmarks/benchmarks_ltlf/LTLfRandomConjunction/C100/40/N16": {
      "status": false,
      "rtime": 5001,
      "clauses": 130
    },
    "/AIJ-artifact/LTLf-specific/benchmarks/benchmarks_ltlf/LTLfRandomConjunction/C100/100/N22": {
      "status": true,
      "rtime": 3.082,
      "clauses": 125
    },
    "/AIJ-artifact/LTLf-specific/benchmarks/benchmarks_ltlf/LTLfRandomConjunction/C100/80/N3": {
      "status": true,
      "rtime": 2.248,
      "clauses": 127
    },
    "/AIJ-artifact/LTLf-specific/benchmarks/benchmarks_ltlf/LTLfRandomConjunction/C100/50/N23": {
      "status": false,
      "rtime": 5001,
      "clauses": 126
    },
    "/AIJ-artifact/LTLf-specific/benchmarks/benchmarks_ltlf/LTLfRandomConjunction/C100/50/N38": {
      "status": true,
      "rtime": 209.898,
      "clauses": 129
    },
    "/AIJ-artifact/LTLf-specific/benchmarks/benchmarks_ltlf/LTLfRandomConjunction/C100/100/N3": {
      "status": false,
      "rtime": 5001,
      "clauses": 128
    },
    "/AIJ-artifact/LTLf-specific/benchmarks/benchmarks_ltlf/LTLfRandomConjunction/C100/100/N43": {
      "status": false,
      "rtime": 5001,
      "clauses": 138
    },
    "/AIJ-artifact/LTLf-specific/benchmarks/benchmarks_ltlf/LTLfRandomConjunction/C100/10/N34": {
      "status": true,
      "rtime": 2.864,
      "clauses": 129
    },
    "/AIJ-artifact/LTLf-specific/benchmarks/benchmarks_ltlf/LTLfRandomConjunction/C100/100/N50": {
      "status": true,
      "rtime": 2.774,
      "clauses": 131
    },
    "/AIJ-artifact/LTLf-specific/benchmarks/benchmarks_ltlf/LTLfRandomConjunction/C100/20/N39": {
      "status": true,
      "rtime": 3.504,
      "clauses": 127
    },
    "/AIJ-artifact/LTLf-specific/benchmarks/benchmarks_ltlf/LTLfRandomConjunction/C100/100/N7": {
      "status": true,
      "rtime": 23.683,
      "clauses": 126
    },
    "/AIJ-artifact/LTLf-specific/benchmarks/benchmarks_ltlf/LTLfRandomConjunction/C100/60/N33": {
      "status": false,
      "rtime": 5001,
      "clauses": 135
    },
    "/AIJ-artifact/LTLf-specific/benchmarks/benchmarks_ltlf/LTLfRandomConjunction/C100/70/N21": {
      "status": false,
      "rtime": 5001,
      "clauses": 120
    },
    "/AIJ-artifact/LTLf-specific/benchmarks/benchmarks_ltlf/LTLfRandomConjunction/C100/80/N38": {
      "status": false,
      "rtime": 5001,
      "clauses": 138
    },
    "/AIJ-artifact/LTLf-specific/benchmarks/benchmarks_ltlf/LTLfRandomConjunction/C100/10/N44": {
      "status": true,
      "rtime": 3.846,
      "clauses": 127
    },
    "/AIJ-artifact/LTLf-specific/benchmarks/benchmarks_ltlf/LTLfRandomConjunction/C100/80/N29": {
      "status": true,
      "rtime": 133.399,
      "clauses": 136
    },
    "/AIJ-artifact/LTLf-specific/benchmarks/benchmarks_ltlf/LTLfRandomConjunction/C100/50/N14": {
      "status": false,
      "rtime": 5001,
      "clauses": 126
    },
    "/AIJ-artifact/LTLf-specific/benchmarks/benchmarks_ltlf/LTLfRandomConjunction/C100/60/N35": {
      "status": false,
      "rtime": 5001,
      "clauses": 154
    },
    "/AIJ-artifact/LTLf-specific/benchmarks/benchmarks_ltlf/LTLfRandomConjunction/C100/90/N7": {
      "status": false,
      "rtime": 5001,
      "clauses": 134
    },
    "/AIJ-artifact/LTLf-specific/benchmarks/benchmarks_ltlf/LTLfRandomConjunction/C100/80/N22": {
      "status": false,
      "rtime": 5001,
      "clauses": 129
    },
    "/AIJ-artifact/LTLf-specific/benchmarks/benchmarks_ltlf/LTLfRandomConjunction/C100/40/N12": {
      "status": true,
      "rtime": 2.174,
      "clauses": 126
    },
    "/AIJ-artifact/LTLf-specific/benchmarks/benchmarks_ltlf/LTLfRandomConjunction/C100/40/N21": {
      "status": false,
      "rtime": 5001,
      "clauses": 132
    },
    "/AIJ-artifact/LTLf-specific/benchmarks/benchmarks_ltlf/LTLfRandomConjunction/C100/90/N47": {
      "status": false,
      "rtime": 5001,
      "clauses": 133
    },
    "/AIJ-artifact/LTLf-specific/benchmarks/benchmarks_ltlf/LTLfRandomConjunction/C100/80/N34": {
      "status": true,
      "rtime": 3.671,
      "clauses": 130
    },
    "/AIJ-artifact/LTLf-specific/benchmarks/benchmarks_ltlf/LTLfRandomConjunction/C100/20/N38": {
      "status": true,
      "rtime": 13.382,
      "clauses": 122
    },
    "/AIJ-artifact/LTLf-specific/benchmarks/benchmarks_ltlf/LTLfRandomConjunction/C100/40/N7": {
      "status": true,
      "rtime": 10.694,
      "clauses": 130
    },
    "/AIJ-artifact/LTLf-specific/benchmarks/benchmarks_ltlf/LTLfRandomConjunction/C100/90/N16": {
      "status": true,
      "rtime": 3.594,
      "clauses": 122
    },
    "/AIJ-artifact/LTLf-specific/benchmarks/benchmarks_ltlf/LTLfRandomConjunction/C100/20/N1": {
      "status": true,
      "rtime": 64.001,
      "clauses": 134
    },
    "/AIJ-artifact/LTLf-specific/benchmarks/benchmarks_ltlf/LTLfRandomConjunction/C100/80/N27": {
      "status": true,
      "rtime": 2.676,
      "clauses": 131
    },
    "/AIJ-artifact/LTLf-specific/benchmarks/benchmarks_ltlf/LTLfRandomConjunction/C100/20/N12": {
      "status": true,
      "rtime": 4.245,
      "clauses": 141
    },
    "/AIJ-artifact/LTLf-specific/benchmarks/benchmarks_ltlf/LTLfRandomConjunction/C100/90/N35": {
      "status": false,
      "rtime": 5001,
      "clauses": 126
    },
    "/AIJ-artifact/LTLf-specific/benchmarks/benchmarks_ltlf/LTLfRandomConjunction/C100/50/N30": {
      "status": true,
      "rtime": 7.623,
      "clauses": 127
    },
    "/AIJ-artifact/LTLf-specific/benchmarks/benchmarks_ltlf/LTLfRandomConjunction/C100/50/N10": {
      "status": false,
      "rtime": 5001,
      "clauses": 135
    },
    "/AIJ-artifact/LTLf-specific/benchmarks/benchmarks_ltlf/LTLfRandomConjunction/C100/40/N33": {
      "status": true,
      "rtime": 2.374,
      "clauses": 127
    },
    "/AIJ-artifact/LTLf-specific/benchmarks/benchmarks_ltlf/LTLfRandomConjunction/C100/90/N3": {
      "status": false,
      "rtime": 5001,
      "clauses": 129
    },
    "/AIJ-artifact/LTLf-specific/benchmarks/benchmarks_ltlf/LTLfRandomConjunction/C100/20/N41": {
      "status": true,
      "rtime": 2.253,
      "clauses": 125
    },
    "/AIJ-artifact/LTLf-specific/benchmarks/benchmarks_ltlf/LTLfRandomConjunction/C100/30/N31": {
      "status": true,
      "rtime": 3.754,
      "clauses": 130
    },
    "/AIJ-artifact/LTLf-specific/benchmarks/benchmarks_ltlf/LTLfRandomConjunction/C100/90/N2": {
      "status": true,
      "rtime": 2.229,
      "clauses": 126
    },
    "/AIJ-artifact/LTLf-specific/benchmarks/benchmarks_ltlf/LTLfRandomConjunction/C100/50/N4": {
      "status": true,
      "rtime": 14.462,
      "clauses": 137
    },
    "/AIJ-artifact/LTLf-specific/benchmarks/benchmarks_ltlf/LTLfRandomConjunction/C100/60/N47": {
      "status": false,
      "rtime": 5001,
      "clauses": 134
    },
    "/AIJ-artifact/LTLf-specific/benchmarks/benchmarks_ltlf/LTLfRandomConjunction/C100/50/N28": {
      "status": true,
      "rtime": 2.625,
      "clauses": 133
    },
    "/AIJ-artifact/LTLf-specific/benchmarks/benchmarks_ltlf/LTLfRandomConjunction/C100/100/N6": {
      "status": true,
      "rtime": 3.511,
      "clauses": 129
    },
    "/AIJ-artifact/LTLf-specific/benchmarks/benchmarks_ltlf/LTLfRandomConjunction/C100/100/N38": {
      "status": false,
      "rtime": 5001,
      "clauses": 129
    },
    "/AIJ-artifact/LTLf-specific/benchmarks/benchmarks_ltlf/LTLfRandomConjunction/C100/90/N44": {
      "status": true,
      "rtime": 2.678,
      "clauses": 133
    },
    "/AIJ-artifact/LTLf-specific/benchmarks/benchmarks_ltlf/LTLfRandomConjunction/C100/60/N24": {
      "status": true,
      "rtime": 2.74,
      "clauses": 132
    },
    "/AIJ-artifact/LTLf-specific/benchmarks/benchmarks_ltlf/LTLfRandomConjunction/C100/70/N40": {
      "status": false,
      "rtime": 5001,
      "clauses": 139
    },
    "/AIJ-artifact/LTLf-specific/benchmarks/benchmarks_ltlf/LTLfRandomConjunction/C100/50/N9": {
      "status": true,
      "rtime": 2.674,
      "clauses": 119
    },
    "/AIJ-artifact/LTLf-specific/benchmarks/benchmarks_ltlf/LTLfRandomConjunction/C100/100/N29": {
      "status": false,
      "rtime": 5001,
      "clauses": 128
    },
    "/AIJ-artifact/LTLf-specific/benchmarks/benchmarks_ltlf/LTLfRandomConjunction/C100/70/N35": {
      "status": true,
      "rtime": 7.611,
      "clauses": 122
    },
    "/AIJ-artifact/LTLf-specific/benchmarks/benchmarks_ltlf/LTLfRandomConjunction/C100/30/N48": {
      "status": true,
      "rtime": 10.623,
      "clauses": 136
    },
    "/AIJ-artifact/LTLf-specific/benchmarks/benchmarks_ltlf/LTLfRandomConjunction/C100/50/N1": {
      "status": false,
      "rtime": 5001,
      "clauses": 147
    },
    "/AIJ-artifact/LTLf-specific/benchmarks/benchmarks_ltlf/LTLfRandomConjunction/C100/30/N35": {
      "status": true,
      "rtime": 7.145,
      "clauses": 140
    },
    "/AIJ-artifact/LTLf-specific/benchmarks/benchmarks_ltlf/LTLfRandomConjunction/C100/30/N5": {
      "status": true,
      "rtime": 2.526,
      "clauses": 135
    },
    "/AIJ-artifact/LTLf-specific/benchmarks/benchmarks_ltlf/LTLfRandomConjunction/C100/90/N28": {
      "status": false,
      "rtime": 5001,
      "clauses": 133
    },
    "/AIJ-artifact/LTLf-specific/benchmarks/benchmarks_ltlf/LTLfRandomConjunction/C100/70/N29": {
      "status": false,
      "rtime": 5001,
      "clauses": 132
    },
    "/AIJ-artifact/LTLf-specific/benchmarks/benchmarks_ltlf/LTLfRandomConjunction/C100/60/N43": {
      "status": false,
      "rtime": 5001,
      "clauses": 121
    },
    "/AIJ-artifact/LTLf-specific/benchmarks/benchmarks_ltlf/LTLfRandomConjunction/C100/70/N31": {
      "status": true,
      "rtime": 4.048,
      "clauses": 135
    },
    "/AIJ-artifact/LTLf-specific/benchmarks/benchmarks_ltlf/LTLfRandomConjunction/C100/70/N38": {
      "status": false,
      "rtime": 5001,
      "clauses": 135
    },
    "/AIJ-artifact/LTLf-specific/benchmarks/benchmarks_ltlf/LTLfRandomConjunction/C100/70/N30": {
      "status": false,
      "rtime": 5001,
      "clauses": 136
    },
    "/AIJ-artifact/LTLf-specific/benchmarks/benchmarks_ltlf/LTLfRandomConjunction/C100/60/N4": {
      "status": false,
      "rtime": 5001,
      "clauses": 123
    },
    "/AIJ-artifact/LTLf-specific/benchmarks/benchmarks_ltlf/LTLfRandomConjunction/C100/20/N19": {
      "status": true,
      "rtime": 3.18,
      "clauses": 131
    },
    "/AIJ-artifact/LTLf-specific/benchmarks/benchmarks_ltlf/LTLfRandomConjunction/C100/70/N34": {
      "status": true,
      "rtime": 2.66,
      "clauses": 122
    },
    "/AIJ-artifact/LTLf-specific/benchmarks/benchmarks_ltlf/LTLfRandomConjunction/C100/10/N18": {
      "status": true,
      "rtime": 5.817,
      "clauses": 135
    },
    "/AIJ-artifact/LTLf-specific/benchmarks/benchmarks_ltlf/LTLfRandomConjunction/C100/80/N15": {
      "status": false,
      "rtime": 5001,
      "clauses": 140
    },
    "/AIJ-artifact/LTLf-specific/benchmarks/benchmarks_ltlf/LTLfRandomConjunction/C100/50/N42": {
      "status": false,
      "rtime": 5001,
      "clauses": 135
    },
    "/AIJ-artifact/LTLf-specific/benchmarks/benchmarks_ltlf/LTLfRandomConjunction/C100/10/N7": {
      "status": true,
      "rtime": 3.418,
      "clauses": 128
    },
    "/AIJ-artifact/LTLf-specific/benchmarks/benchmarks_ltlf/LTLfRandomConjunction/C100/20/N21": {
      "status": true,
      "rtime": 2.972,
      "clauses": 134
    },
    "/AIJ-artifact/LTLf-specific/benchmarks/benchmarks_ltlf/LTLfRandomConjunction/C100/50/N48": {
      "status": false,
      "rtime": 5001,
      "clauses": 139
    },
    "/AIJ-artifact/LTLf-specific/benchmarks/benchmarks_ltlf/LTLfRandomConjunction/C100/30/N19": {
      "status": false,
      "rtime": 5001,
      "clauses": 134
    },
    "/AIJ-artifact/LTLf-specific/benchmarks/benchmarks_ltlf/LTLfRandomConjunction/C100/100/N49": {
      "status": false,
      "rtime": 5001,
      "clauses": 133
    },
    "/AIJ-artifact/LTLf-specific/benchmarks/benchmarks_ltlf/LTLfRandomConjunction/C100/100/N21": {
      "status": true,
      "rtime": 57.451,
      "clauses": 134
    },
    "/AIJ-artifact/LTLf-specific/benchmarks/benchmarks_ltlf/LTLfRandomConjunction/C100/60/N14": {
      "status": false,
      "rtime": 5001,
      "clauses": 136
    },
    "/AIJ-artifact/LTLf-specific/benchmarks/benchmarks_ltlf/LTLfRandomConjunction/C100/60/N29": {
      "status": false,
      "rtime": 5001,
      "clauses": 132
    },
    "/AIJ-artifact/LTLf-specific/benchmarks/benchmarks_ltlf/LTLfRandomConjunction/C100/30/N29": {
      "status": true,
      "rtime": 5.076,
      "clauses": 139
    },
    "/AIJ-artifact/LTLf-specific/benchmarks/benchmarks_ltlf/LTLfRandomConjunction/C100/30/N32": {
      "status": false,
      "rtime": 5001,
      "clauses": 125
    },
    "/AIJ-artifact/LTLf-specific/benchmarks/benchmarks_ltlf/LTLfRandomConjunction/C100/90/N11": {
      "status": true,
      "rtime": 3.509,
      "clauses": 130
    },
    "/AIJ-artifact/LTLf-specific/benchmarks/benchmarks_ltlf/LTLfRandomConjunction/C100/50/N24": {
      "status": false,
      "rtime": 5001,
      "clauses": 135
    },
    "/AIJ-artifact/LTLf-specific/benchmarks/benchmarks_ltlf/LTLfRandomConjunction/C100/80/N24": {
      "status": true,
      "rtime": 2.29,
      "clauses": 125
    },
    "/AIJ-artifact/LTLf-specific/benchmarks/benchmarks_ltlf/LTLfRandomConjunction/C100/100/N10": {
      "status": false,
      "rtime": 5001,
      "clauses": 132
    },
    "/AIJ-artifact/LTLf-specific/benchmarks/benchmarks_ltlf/LTLfRandomConjunction/C100/50/N12": {
      "status": false,
      "rtime": 5001,
      "clauses": 126
    },
    "/AIJ-artifact/LTLf-specific/benchmarks/benchmarks_ltlf/LTLfRandomConjunction/C100/50/N41": {
      "status": false,
      "rtime": 5001,
      "clauses": 132
    },
    "/AIJ-artifact/LTLf-specific/benchmarks/benchmarks_ltlf/LTLfRandomConjunction/C100/10/N22": {
      "status": true,
      "rtime": 4.473,
      "clauses": 136
    },
    "/AIJ-artifact/LTLf-specific/benchmarks/benchmarks_ltlf/LTLfRandomConjunction/C100/30/N49": {
      "status": true,
      "rtime": 4.857,
      "clauses": 138
    },
    "/AIJ-artifact/LTLf-specific/benchmarks/benchmarks_ltlf/LTLfRandomConjunction/C100/60/N39": {
      "status": false,
      "rtime": 5001,
      "clauses": 137
    },
    "/AIJ-artifact/LTLf-specific/benchmarks/benchmarks_ltlf/LTLfRandomConjunction/C100/60/N42": {
      "status": false,
      "rtime": 5001,
      "clauses": 122
    },
    "/AIJ-artifact/LTLf-specific/benchmarks/benchmarks_ltlf/LTLfRandomConjunction/C100/70/N14": {
      "status": false,
      "rtime": 5001,
      "clauses": 132
    },
    "/AIJ-artifact/LTLf-specific/benchmarks/benchmarks_ltlf/LTLfRandomConjunction/C100/100/N28": {
      "status": false,
      "rtime": 5001,
      "clauses": 131
    },
    "/AIJ-artifact/LTLf-specific/benchmarks/benchmarks_ltlf/LTLfRandomConjunction/C100/30/N16": {
      "status": true,
      "rtime": 4.288,
      "clauses": 132
    },
    "/AIJ-artifact/LTLf-specific/benchmarks/benchmarks_ltlf/LTLfRandomConjunction/C100/50/N27": {
      "status": true,
      "rtime": 4.067,
      "clauses": 135
    },
    "/AIJ-artifact/LTLf-specific/benchmarks/benchmarks_ltlf/LTLfRandomConjunction/C100/10/N40": {
      "status": true,
      "rtime": 5.786,
      "clauses": 139
    },
    "/AIJ-artifact/LTLf-specific/benchmarks/benchmarks_ltlf/LTLfRandomConjunction/C100/30/N15": {
      "status": true,
      "rtime": 9.938,
      "clauses": 123
    },
    "/AIJ-artifact/LTLf-specific/benchmarks/benchmarks_ltlf/LTLfRandomConjunction/C100/30/N8": {
      "status": true,
      "rtime": 17.985,
      "clauses": 129
    },
    "/AIJ-artifact/LTLf-specific/benchmarks/benchmarks_ltlf/LTLfRandomConjunction/C100/80/N37": {
      "status": false,
      "rtime": 5001,
      "clauses": 130
    },
    "/AIJ-artifact/LTLf-specific/benchmarks/benchmarks_ltlf/LTLfRandomConjunction/C100/20/N50": {
      "status": true,
      "rtime": 4.035,
      "clauses": 136
    },
    "/AIJ-artifact/LTLf-specific/benchmarks/benchmarks_ltlf/LTLfRandomConjunction/C100/30/N23": {
      "status": true,
      "rtime": 11.208,
      "clauses": 131
    },
    "/AIJ-artifact/LTLf-specific/benchmarks/benchmarks_ltlf/LTLfRandomConjunction/C100/30/N44": {
      "status": true,
      "rtime": 322.361,
      "clauses": 141
    },
    "/AIJ-artifact/LTLf-specific/benchmarks/benchmarks_ltlf/LTLfRandomConjunction/C100/40/N32": {
      "status": true,
      "rtime": 2.977,
      "clauses": 132
    },
    "/AIJ-artifact/LTLf-specific/benchmarks/benchmarks_ltlf/LTLfRandomConjunction/C100/10/N31": {
      "status": true,
      "rtime": 5.971,
      "clauses": 127
    },
    "/AIJ-artifact/LTLf-specific/benchmarks/benchmarks_ltlf/LTLfRandomConjunction/C100/50/N49": {
      "status": true,
      "rtime": 2.61,
      "clauses": 132
    },
    "/AIJ-artifact/LTLf-specific/benchmarks/benchmarks_ltlf/LTLfRandomConjunction/C100/100/N45": {
      "status": false,
      "rtime": 5001,
      "clauses": 126
    },
    "/AIJ-artifact/LTLf-specific/benchmarks/benchmarks_ltlf/LTLfRandomConjunction/C100/70/N42": {
      "status": false,
      "rtime": 5001,
      "clauses": 126
    },
    "/AIJ-artifact/LTLf-specific/benchmarks/benchmarks_ltlf/LTLfRandomConjunction/C100/30/N17": {
      "status": true,
      "rtime": 5.11,
      "clauses": 129
    },
    "/AIJ-artifact/LTLf-specific/benchmarks/benchmarks_ltlf/LTLfRandomConjunction/C100/90/N40": {
      "status": false,
      "rtime": 5001,
      "clauses": 127
    },
    "/AIJ-artifact/LTLf-specific/benchmarks/benchmarks_ltlf/LTLfRandomConjunction/C100/10/N48": {
      "status": true,
      "rtime": 8.593,
      "clauses": 137
    },
    "/AIJ-artifact/LTLf-specific/benchmarks/benchmarks_ltlf/LTLfRandomConjunction/C100/60/N18": {
      "status": false,
      "rtime": 5001,
      "clauses": 143
    },
    "/AIJ-artifact/LTLf-specific/benchmarks/benchmarks_ltlf/LTLfRandomConjunction/C100/100/N11": {
      "status": false,
      "rtime": 5001,
      "clauses": 132
    },
    "/AIJ-artifact/LTLf-specific/benchmarks/benchmarks_ltlf/LTLfRandomConjunction/C100/10/N3": {
      "status": true,
      "rtime": 3.71,
      "clauses": 127
    },
    "/AIJ-artifact/LTLf-specific/benchmarks/benchmarks_ltlf/LTLfRandomConjunction/C100/70/N48": {
      "status": true,
      "rtime": 2.883,
      "clauses": 128
    },
    "/AIJ-artifact/LTLf-specific/benchmarks/benchmarks_ltlf/LTLfRandomConjunction/C100/80/N11": {
      "status": true,
      "rtime": 2.994,
      "clauses": 135
    },
    "/AIJ-artifact/LTLf-specific/benchmarks/benchmarks_ltlf/LTLfRandomConjunction/C100/70/N47": {
      "status": false,
      "rtime": 5001,
      "clauses": 128
    },
    "/AIJ-artifact/LTLf-specific/benchmarks/benchmarks_ltlf/LTLfRandomConjunction/C100/90/N32": {
      "status": false,
      "rtime": 5001,
      "clauses": 132
    },
    "/AIJ-artifact/LTLf-specific/benchmarks/benchmarks_ltlf/LTLfRandomConjunction/C100/70/N7": {
      "status": false,
      "rtime": 5001,
      "clauses": 136
    },
    "/AIJ-artifact/LTLf-specific/benchmarks/benchmarks_ltlf/LTLfRandomConjunction/C100/20/N25": {
      "status": true,
      "rtime": 3.035,
      "clauses": 129
    },
    "/AIJ-artifact/LTLf-specific/benchmarks/benchmarks_ltlf/LTLfRandomConjunction/C100/50/N3": {
      "status": true,
      "rtime": 2.993,
      "clauses": 126
    },
    "/AIJ-artifact/LTLf-specific/benchmarks/benchmarks_ltlf/LTLfRandomConjunction/C100/80/N21": {
      "status": false,
      "rtime": 5001,
      "clauses": 127
    },
    "/AIJ-artifact/LTLf-specific/benchmarks/benchmarks_ltlf/LTLfRandomConjunction/C100/50/N34": {
      "status": true,
      "rtime": 7.242,
      "clauses": 144
    },
    "/AIJ-artifact/LTLf-specific/benchmarks/benchmarks_ltlf/LTLfRandomConjunction/C100/30/N39": {
      "status": false,
      "rtime": 5001,
      "clauses": 135
    },
    "/AIJ-artifact/LTLf-specific/benchmarks/benchmarks_ltlf/LTLfRandomConjunction/C100/60/N17": {
      "status": false,
      "rtime": 5001,
      "clauses": 137
    },
    "/AIJ-artifact/LTLf-specific/benchmarks/benchmarks_ltlf/LTLfRandomConjunction/C100/40/N36": {
      "status": false,
      "rtime": 5001,
      "clauses": 133
    },
    "/AIJ-artifact/LTLf-specific/benchmarks/benchmarks_ltlf/LTLfRandomConjunction/C100/70/N20": {
      "status": false,
      "rtime": 5001,
      "clauses": 137
    },
    "/AIJ-artifact/LTLf-specific/benchmarks/benchmarks_ltlf/LTLfRandomConjunction/C100/30/N26": {
      "status": true,
      "rtime": 2.34,
      "clauses": 123
    },
    "/AIJ-artifact/LTLf-specific/benchmarks/benchmarks_ltlf/LTLfRandomConjunction/C100/20/N33": {
      "status": true,
      "rtime": 2.529,
      "clauses": 127
    },
    "/AIJ-artifact/LTLf-specific/benchmarks/benchmarks_ltlf/LTLfRandomConjunction/C100/60/N12": {
      "status": true,
      "rtime": 3.004,
      "clauses": 135
    },
    "/AIJ-artifact/LTLf-specific/benchmarks/benchmarks_ltlf/LTLfRandomConjunction/C100/40/N47": {
      "status": true,
      "rtime": 59.568,
      "clauses": 125
    },
    "/AIJ-artifact/LTLf-specific/benchmarks/benchmarks_ltlf/LTLfRandomConjunction/C100/20/N13": {
      "status": true,
      "rtime": 2.879,
      "clauses": 131
    },
    "/AIJ-artifact/LTLf-specific/benchmarks/benchmarks_ltlf/LTLfRandomConjunction/C100/20/N30": {
      "status": true,
      "rtime": 4.974,
      "clauses": 139
    },
    "/AIJ-artifact/LTLf-specific/benchmarks/benchmarks_ltlf/LTLfRandomConjunction/C100/10/N36": {
      "status": true,
      "rtime": 68.177,
      "clauses": 137
    },
    "/AIJ-artifact/LTLf-specific/benchmarks/benchmarks_ltlf/LTLfRandomConjunction/C100/30/N33": {
      "status": true,
      "rtime": 3.152,
      "clauses": 136
    },
    "/AIJ-artifact/LTLf-specific/benchmarks/benchmarks_ltlf/LTLfRandomConjunction/C100/100/N2": {
      "status": false,
      "rtime": 5001,
      "clauses": 144
    },
    "/AIJ-artifact/LTLf-specific/benchmarks/benchmarks_ltlf/LTLfRandomConjunction/C100/80/N20": {
      "status": true,
      "rtime": 2.646,
      "clauses": 130
    },
    "/AIJ-artifact/LTLf-specific/benchmarks/benchmarks_ltlf/LTLfRandomConjunction/C100/30/N46": {
      "status": true,
      "rtime": 2.67,
      "clauses": 124
    },
    "/AIJ-artifact/LTLf-specific/benchmarks/benchmarks_ltlf/LTLfRandomConjunction/C100/10/N39": {
      "status": true,
      "rtime": 2.168,
      "clauses": 131
    },
    "/AIJ-artifact/LTLf-specific/benchmarks/benchmarks_ltlf/LTLfRandomConjunction/C100/40/N5": {
      "status": false,
      "rtime": 5001,
      "clauses": 138
    },
    "/AIJ-artifact/LTLf-specific/benchmarks/benchmarks_ltlf/LTLfRandomConjunction/C100/90/N23": {
      "status": false,
      "rtime": 5001,
      "clauses": 127
    },
    "/AIJ-artifact/LTLf-specific/benchmarks/benchmarks_ltlf/LTLfRandomConjunction/C100/30/N3": {
      "status": true,
      "rtime": 14.929,
      "clauses": 132
    },
    "/AIJ-artifact/LTLf-specific/benchmarks/benchmarks_ltlf/LTLfRandomConjunction/C100/20/N47": {
      "status": true,
      "rtime": 2.565,
      "clauses": 131
    },
    "/AIJ-artifact/LTLf-specific/benchmarks/benchmarks_ltlf/LTLfRandomConjunction/C100/30/N47": {
      "status": true,
      "rtime": 2.521,
      "clauses": 128
    },
    "/AIJ-artifact/LTLf-specific/benchmarks/benchmarks_ltlf/LTLfRandomConjunction/C100/70/N6": {
      "status": true,
      "rtime": 8.214,
      "clauses": 124
    },
    "/AIJ-artifact/LTLf-specific/benchmarks/benchmarks_ltlf/LTLfRandomConjunction/C100/80/N16": {
      "status": true,
      "rtime": 156.561,
      "clauses": 126
    },
    "/AIJ-artifact/LTLf-specific/benchmarks/benchmarks_ltlf/LTLfRandomConjunction/C100/80/N30": {
      "status": true,
      "rtime": 26.988,
      "clauses": 133
    },
    "/AIJ-artifact/LTLf-specific/benchmarks/benchmarks_ltlf/LTLfRandomConjunction/C100/100/N32": {
      "status": true,
      "rtime": 49.645,
      "clauses": 118
    },
    "/AIJ-artifact/LTLf-specific/benchmarks/benchmarks_ltlf/LTLfRandomConjunction/C100/60/N37": {
      "status": true,
      "rtime": 7.107,
      "clauses": 132
    },
    "/AIJ-artifact/LTLf-specific/benchmarks/benchmarks_ltlf/LTLfRandomConjunction/C100/100/N31": {
      "status": false,
      "rtime": 5001,
      "clauses": 132
    },
    "/AIJ-artifact/LTLf-specific/benchmarks/benchmarks_ltlf/LTLfRandomConjunction/C100/20/N45": {
      "status": true,
      "rtime": 3.89,
      "clauses": 136
    },
    "/AIJ-artifact/LTLf-specific/benchmarks/benchmarks_ltlf/LTLfRandomConjunction/C100/10/N16": {
      "status": true,
      "rtime": 9.333,
      "clauses": 130
    },
    "/AIJ-artifact/LTLf-specific/benchmarks/benchmarks_ltlf/LTLfRandomConjunction/C100/10/N32": {
      "status": true,
      "rtime": 2.665,
      "clauses": 121
    },
    "/AIJ-artifact/LTLf-specific/benchmarks/benchmarks_ltlf/LTLfRandomConjunction/C100/30/N12": {
      "status": true,
      "rtime": 4.425,
      "clauses": 131
    },
    "/AIJ-artifact/LTLf-specific/benchmarks/benchmarks_ltlf/LTLfRandomConjunction/C100/60/N19": {
      "status": true,
      "rtime": 3.213,
      "clauses": 131
    },
    "/AIJ-artifact/LTLf-specific/benchmarks/benchmarks_ltlf/LTLfRandomConjunction/C100/30/N27": {
      "status": true,
      "rtime": 3.651,
      "clauses": 129
    },
    "/AIJ-artifact/LTLf-specific/benchmarks/benchmarks_ltlf/LTLfRandomConjunction/C100/20/N22": {
      "status": true,
      "rtime": 3.445,
      "clauses": 134
    },
    "/AIJ-artifact/LTLf-specific/benchmarks/benchmarks_ltlf/LTLfRandomConjunction/C100/20/N46": {
      "status": true,
      "rtime": 3.334,
      "clauses": 131
    },
    "/AIJ-artifact/LTLf-specific/benchmarks/benchmarks_ltlf/LTLfRandomConjunction/C100/50/N11": {
      "status": true,
      "rtime": 3.424,
      "clauses": 134
    },
    "/AIJ-artifact/LTLf-specific/benchmarks/benchmarks_ltlf/LTLfRandomConjunction/C100/20/N43": {
      "status": true,
      "rtime": 2.311,
      "clauses": 119
    },
    "/AIJ-artifact/LTLf-specific/benchmarks/benchmarks_ltlf/LTLfRandomConjunction/C100/90/N31": {
      "status": true,
      "rtime": 2.412,
      "clauses": 132
    },
    "/AIJ-artifact/LTLf-specific/benchmarks/benchmarks_ltlf/LTLfRandomConjunction/C100/90/N33": {
      "status": true,
      "rtime": 48.292,
      "clauses": 132
    },
    "/AIJ-artifact/LTLf-specific/benchmarks/benchmarks_ltlf/LTLfRandomConjunction/C100/50/N31": {
      "status": true,
      "rtime": 57.37,
      "clauses": 135
    },
    "/AIJ-artifact/LTLf-specific/benchmarks/benchmarks_ltlf/LTLfRandomConjunction/C100/100/N23": {
      "status": false,
      "rtime": 5001,
      "clauses": 140
    },
    "/AIJ-artifact/LTLf-specific/benchmarks/benchmarks_ltlf/LTLfRandomConjunction/C100/80/N36": {
      "status": false,
      "rtime": 5001,
      "clauses": 138
    },
    "/AIJ-artifact/LTLf-specific/benchmarks/benchmarks_ltlf/LTLfRandomConjunction/C100/90/N24": {
      "status": true,
      "rtime": 2.485,
      "clauses": 127
    },
    "/AIJ-artifact/LTLf-specific/benchmarks/benchmarks_ltlf/LTLfRandomConjunction/C100/50/N33": {
      "status": false,
      "rtime": 5001,
      "clauses": 138
    },
    "/AIJ-artifact/LTLf-specific/benchmarks/benchmarks_ltlf/LTLfRandomConjunction/C100/40/N30": {
      "status": false,
      "rtime": 5001,
      "clauses": 127
    },
    "/AIJ-artifact/LTLf-specific/benchmarks/benchmarks_ltlf/LTLfRandomConjunction/C100/70/N9": {
      "status": false,
      "rtime": 5001,
      "clauses": 129
    },
    "/AIJ-artifact/LTLf-specific/benchmarks/benchmarks_ltlf/LTLfRandomConjunction/C100/50/N44": {
      "status": true,
      "rtime": 2.269,
      "clauses": 123
    },
    "/AIJ-artifact/LTLf-specific/benchmarks/benchmarks_ltlf/LTLfRandomConjunction/C100/30/N13": {
      "status": true,
      "rtime": 3.33,
      "clauses": 130
    },
    "/AIJ-artifact/LTLf-specific/benchmarks/benchmarks_ltlf/LTLfRandomConjunction/C100/60/N38": {
      "status": true,
      "rtime": 2.332,
      "clauses": 127
    },
    "/AIJ-artifact/LTLf-specific/benchmarks/benchmarks_ltlf/LTLfRandomConjunction/C100/40/N39": {
      "status": false,
      "rtime": 5001,
      "clauses": 140
    },
    "/AIJ-artifact/LTLf-specific/benchmarks/benchmarks_ltlf/LTLfRandomConjunction/C100/60/N50": {
      "status": false,
      "rtime": 5001,
      "clauses": 132
    },
    "/AIJ-artifact/LTLf-specific/benchmarks/benchmarks_ltlf/LTLfRandomConjunction/C100/60/N23": {
      "status": false,
      "rtime": 5001,
      "clauses": 128
    },
    "/AIJ-artifact/LTLf-specific/benchmarks/benchmarks_ltlf/LTLfRandomConjunction/C100/100/N18": {
      "status": false,
      "rtime": 5001,
      "clauses": 132
    },
    "/AIJ-artifact/LTLf-specific/benchmarks/benchmarks_ltlf/LTLfRandomConjunction/C100/80/N7": {
      "status": true,
      "rtime": 2.359,
      "clauses": 127
    },
    "/AIJ-artifact/LTLf-specific/benchmarks/benchmarks_ltlf/LTLfRandomConjunction/C100/100/N13": {
      "status": true,
      "rtime": 525.745,
      "clauses": 123
    },
    "/AIJ-artifact/LTLf-specific/benchmarks/benchmarks_ltlf/LTLfRandomConjunction/C100/100/N39": {
      "status": true,
      "rtime": 10.893,
      "clauses": 122
    },
    "/AIJ-artifact/LTLf-specific/benchmarks/benchmarks_ltlf/LTLfRandomConjunction/C100/60/N8": {
      "status": false,
      "rtime": 5001,
      "clauses": 127
    },
    "/AIJ-artifact/LTLf-specific/benchmarks/benchmarks_ltlf/LTLfRandomConjunction/C100/90/N45": {
      "status": false,
      "rtime": 5001,
      "clauses": 146
    },
    "/AIJ-artifact/LTLf-specific/benchmarks/benchmarks_ltlf/LTLfRandomConjunction/C100/20/N42": {
      "status": true,
      "rtime": 6.968,
      "clauses": 127
    },
    "/AIJ-artifact/LTLf-specific/benchmarks/benchmarks_ltlf/LTLfRandomConjunction/C100/50/N15": {
      "status": true,
      "rtime": 2.742,
      "clauses": 133
    },
    "/AIJ-artifact/LTLf-specific/benchmarks/benchmarks_ltlf/LTLfRandomConjunction/C100/30/N38": {
      "status": true,
      "rtime": 27.057,
      "clauses": 135
    },
    "/AIJ-artifact/LTLf-specific/benchmarks/benchmarks_ltlf/LTLfRandomConjunction/C100/50/N29": {
      "status": true,
      "rtime": 2.544,
      "clauses": 134
    },
    "/AIJ-artifact/LTLf-specific/benchmarks/benchmarks_ltlf/LTLfRandomConjunction/C100/80/N41": {
      "status": false,
      "rtime": 5001,
      "clauses": 143
    },
    "/AIJ-artifact/LTLf-specific/benchmarks/benchmarks_ltlf/LTLfRandomConjunction/C100/20/N34": {
      "status": true,
      "rtime": 5.028,
      "clauses": 141
    },
    "/AIJ-artifact/LTLf-specific/benchmarks/benchmarks_ltlf/LTLfRandomConjunction/C100/30/N11": {
      "status": true,
      "rtime": 23.154,
      "clauses": 136
    },
    "/AIJ-artifact/LTLf-specific/benchmarks/benchmarks_ltlf/LTLfRandomConjunction/C100/100/N15": {
      "status": true,
      "rtime": 3.815,
      "clauses": 144
    },
    "/AIJ-artifact/LTLf-specific/benchmarks/benchmarks_ltlf/LTLfRandomConjunction/C100/60/N20": {
      "status": false,
      "rtime": 5001,
      "clauses": 137
    },
    "/AIJ-artifact/LTLf-specific/benchmarks/benchmarks_ltlf/LTLfRandomConjunction/C100/80/N23": {
      "status": true,
      "rtime": 2.492,
      "clauses": 130
    },
    "/AIJ-artifact/LTLf-specific/benchmarks/benchmarks_ltlf/LTLfRandomConjunction/C100/100/N24": {
      "status": false,
      "rtime": 5001,
      "clauses": 126
    },
    "/AIJ-artifact/LTLf-specific/benchmarks/benchmarks_ltlf/LTLfRandomConjunction/C100/10/N15": {
      "status": true,
      "rtime": 3.953,
      "clauses": 127
    },
    "/AIJ-artifact/LTLf-specific/benchmarks/benchmarks_ltlf/LTLfRandomConjunction/C100/20/N18": {
      "status": true,
      "rtime": 5.2,
      "clauses": 137
    },
    "/AIJ-artifact/LTLf-specific/benchmarks/benchmarks_ltlf/LTLfRandomConjunction/C100/60/N32": {
      "status": false,
      "rtime": 5001,
      "clauses": 134
    },
    "/AIJ-artifact/LTLf-specific/benchmarks/benchmarks_ltlf/LTLfRandomConjunction/C100/100/N16": {
      "status": true,
      "rtime": 21.455,
      "clauses": 136
    },
    "/AIJ-artifact/LTLf-specific/benchmarks/benchmarks_ltlf/LTLfRandomConjunction/C100/50/N26": {
      "status": true,
      "rtime": 3.753,
      "clauses": 124
    },
    "/AIJ-artifact/LTLf-specific/benchmarks/benchmarks_ltlf/LTLfRandomConjunction/C100/50/N32": {
      "status": false,
      "rtime": 5001,
      "clauses": 127
    },
    "/AIJ-artifact/LTLf-specific/benchmarks/benchmarks_ltlf/LTLfRandomConjunction/C100/40/N25": {
      "status": false,
      "rtime": 5001,
      "clauses": 132
    },
    "/AIJ-artifact/LTLf-specific/benchmarks/benchmarks_ltlf/LTLfRandomConjunction/C100/100/N27": {
      "status": true,
      "rtime": 393.651,
      "clauses": 137
    },
    "/AIJ-artifact/LTLf-specific/benchmarks/benchmarks_ltlf/LTLfRandomConjunction/C100/60/N15": {
      "status": true,
      "rtime": 410.592,
      "clauses": 130
    },
    "/AIJ-artifact/LTLf-specific/benchmarks/benchmarks_ltlf/LTLfRandomConjunction/C100/10/N38": {
      "status": true,
      "rtime": 14.27,
      "clauses": 138
    },
    "/AIJ-artifact/LTLf-specific/benchmarks/benchmarks_ltlf/LTLfRandomConjunction/C100/40/N23": {
      "status": false,
      "rtime": 5001,
      "clauses": 130
    },
    "/AIJ-artifact/LTLf-specific/benchmarks/benchmarks_ltlf/LTLfRandomConjunction/C100/30/N34": {
      "status": true,
      "rtime": 2.851,
      "clauses": 134
    },
    "/AIJ-artifact/LTLf-specific/benchmarks/benchmarks_ltlf/LTLfRandomConjunction/C100/70/N17": {
      "status": false,
      "rtime": 5001,
      "clauses": 125
    },
    "/AIJ-artifact/LTLf-specific/benchmarks/benchmarks_ltlf/LTLfRandomConjunction/C100/30/N25": {
      "status": true,
      "rtime": 2.308,
      "clauses": 128
    },
    "/AIJ-artifact/LTLf-specific/benchmarks/benchmarks_ltlf/LTLfRandomConjunction/C100/100/N34": {
      "status": false,
      "rtime": 5001,
      "clauses": 134
    },
    "/AIJ-artifact/LTLf-specific/benchmarks/benchmarks_ltlf/LTLfRandomConjunction/C100/20/N9": {
      "status": true,
      "rtime": 2.707,
      "clauses": 136
    },
    "/AIJ-artifact/LTLf-specific/benchmarks/benchmarks_ltlf/LTLfRandomConjunction/C100/90/N5": {
      "status": true,
      "rtime": 26.054,
      "clauses": 135
    },
    "/AIJ-artifact/LTLf-specific/benchmarks/benchmarks_ltlf/LTLfRandomConjunction/C100/30/N21": {
      "status": true,
      "rtime": 2.574,
      "clauses": 126
    },
    "/AIJ-artifact/LTLf-specific/benchmarks/benchmarks_ltlf/LTLfRandomConjunction/C100/80/N28": {
      "status": false,
      "rtime": 5001,
      "clauses": 130
    },
    "/AIJ-artifact/LTLf-specific/benchmarks/benchmarks_ltlf/LTLfRandomConjunction/C100/40/N40": {
      "status": true,
      "rtime": 2.186,
      "clauses": 127
    },
    "/AIJ-artifact/LTLf-specific/benchmarks/benchmarks_ltlf/LTLfRandomConjunction/C100/70/N2": {
      "status": true,
      "rtime": 2.85,
      "clauses": 137
    },
    "/AIJ-artifact/LTLf-specific/benchmarks/benchmarks_ltlf/LTLfRandomConjunction/C100/90/N17": {
      "status": false,
      "rtime": 5001,
      "clauses": 123
    },
    "/AIJ-artifact/LTLf-specific/benchmarks/benchmarks_ltlf/LTLfRandomConjunction/C100/30/N24": {
      "status": true,
      "rtime": 5.203,
      "clauses": 126
    },
    "/AIJ-artifact/LTLf-specific/benchmarks/benchmarks_ltlf/LTLfRandomConjunction/C100/30/N20": {
      "status": true,
      "rtime": 2.362,
      "clauses": 127
    },
    "/AIJ-artifact/LTLf-specific/benchmarks/benchmarks_ltlf/LTLfRandomConjunction/C100/90/N42": {
      "status": false,
      "rtime": 5001,
      "clauses": 129
    },
    "/AIJ-artifact/LTLf-specific/benchmarks/benchmarks_ltlf/LTLfRandomConjunction/C100/80/N1": {
      "status": false,
      "rtime": 5001,
      "clauses": 130
    },
    "/AIJ-artifact/LTLf-specific/benchmarks/benchmarks_ltlf/LTLfRandomConjunction/C100/20/N44": {
      "status": true,
      "rtime": 2.197,
      "clauses": 126
    },
    "/AIJ-artifact/LTLf-specific/benchmarks/benchmarks_ltlf/LTLfRandomConjunction/C100/60/N30": {
      "status": true,
      "rtime": 4.985,
      "clauses": 128
    },
    "/AIJ-artifact/LTLf-specific/benchmarks/benchmarks_ltlf/LTLfRandomConjunction/C100/100/N8": {
      "status": false,
      "rtime": 5001,
      "clauses": 137
    },
    "/AIJ-artifact/LTLf-specific/benchmarks/benchmarks_ltlf/LTLfRandomConjunction/C100/20/N2": {
      "status": true,
      "rtime": 3.354,
      "clauses": 135
    },
    "/AIJ-artifact/LTLf-specific/benchmarks/benchmarks_ltlf/LTLfRandomConjunction/C100/10/N26": {
      "status": true,
      "rtime": 5.824,
      "clauses": 134
    },
    "/AIJ-artifact/LTLf-specific/benchmarks/benchmarks_ltlf/LTLfRandomConjunction/C100/40/N10": {
      "status": true,
      "rtime": 2.957,
      "clauses": 126
    },
    "/AIJ-artifact/LTLf-specific/benchmarks/benchmarks_ltlf/LTLfRandomConjunction/C100/40/N34": {
      "status": true,
      "rtime": 18.786,
      "clauses": 128
    },
    "/AIJ-artifact/LTLf-specific/benchmarks/benchmarks_ltlf/LTLfRandomConjunction/C100/10/N2": {
      "status": true,
      "rtime": 8.348,
      "clauses": 139
    },
    "/AIJ-artifact/LTLf-specific/benchmarks/benchmarks_ltlf/LTLfRandomConjunction/C100/30/N14": {
      "status": false,
      "rtime": 5001,
      "clauses": 129
    },
    "/AIJ-artifact/LTLf-specific/benchmarks/benchmarks_ltlf/LTLfRandomConjunction/C100/30/N7": {
      "status": true,
      "rtime": 2.821,
      "clauses": 132
    },
    "/AIJ-artifact/LTLf-specific/benchmarks/benchmarks_ltlf/LTLfRandomConjunction/C100/70/N16": {
      "status": false,
      "rtime": 5001,
      "clauses": 131
    },
    "/AIJ-artifact/LTLf-specific/benchmarks/benchmarks_ltlf/LTLfRandomConjunction/C100/100/N40": {
      "status": false,
      "rtime": 5001,
      "clauses": 131
    },
    "/AIJ-artifact/LTLf-specific/benchmarks/benchmarks_ltlf/LTLfRandomConjunction/C100/90/N37": {
      "status": false,
      "rtime": 5001,
      "clauses": 129
    },
    "/AIJ-artifact/LTLf-specific/benchmarks/benchmarks_ltlf/LTLfRandomConjunction/C100/10/N49": {
      "status": true,
      "rtime": 2.286,
      "clauses": 126
    },
    "/AIJ-artifact/LTLf-specific/benchmarks/benchmarks_ltlf/LTLfRandomConjunction/C100/10/N17": {
      "status": true,
      "rtime": 3.352,
      "clauses": 132
    },
    "/AIJ-artifact/LTLf-specific/benchmarks/benchmarks_ltlf/LTLfRandomConjunction/C100/40/N26": {
      "status": true,
      "rtime": 2.46,
      "clauses": 128
    },
    "/AIJ-artifact/LTLf-specific/benchmarks/benchmarks_ltlf/LTLfRandomConjunction/C100/10/N47": {
      "status": true,
      "rtime": 4.94,
      "clauses": 133
    },
    "/AIJ-artifact/LTLf-specific/benchmarks/benchmarks_ltlf/LTLfRandomConjunction/C100/50/N8": {
      "status": false,
      "rtime": 5001,
      "clauses": 123
    },
    "/AIJ-artifact/LTLf-specific/benchmarks/benchmarks_ltlf/LTLfRandomConjunction/C100/70/N39": {
      "status": true,
      "rtime": 11.983,
      "clauses": 131
    },
    "/AIJ-artifact/LTLf-specific/benchmarks/benchmarks_ltlf/LTLfRandomConjunction/C100/40/N9": {
      "status": false,
      "rtime": 5001,
      "clauses": 133
    },
    "/AIJ-artifact/LTLf-specific/benchmarks/benchmarks_ltlf/LTLfRandomConjunction/C100/100/N20": {
      "status": false,
      "rtime": 5001,
      "clauses": 138
    },
    "/AIJ-artifact/LTLf-specific/benchmarks/benchmarks_ltlf/LTLfRandomConjunction/C100/100/N1": {
      "status": true,
      "rtime": 3.035,
      "clauses": 124
    },
    "/AIJ-artifact/LTLf-specific/benchmarks/benchmarks_ltlf/LTLfRandomConjunction/C100/40/N24": {
      "status": false,
      "rtime": 5001,
      "clauses": 132
    },
    "/AIJ-artifact/LTLf-specific/benchmarks/benchmarks_ltlf/LTLfRandomConjunction/C100/10/N23": {
      "status": false,
      "rtime": 5001,
      "clauses": 125
    },
    "/AIJ-artifact/LTLf-specific/benchmarks/benchmarks_ltlf/LTLfRandomConjunction/C100/60/N5": {
      "status": true,
      "rtime": 474.602,
      "clauses": 129
    },
    "/AIJ-artifact/LTLf-specific/benchmarks/benchmarks_ltlf/LTLfRandomConjunction/C100/60/N28": {
      "status": false,
      "rtime": 5001,
      "clauses": 135
    },
    "/AIJ-artifact/LTLf-specific/benchmarks/benchmarks_ltlf/LTLfRandomConjunction/C100/60/N44": {
      "status": true,
      "rtime": 6.265,
      "clauses": 141
    },
    "/AIJ-artifact/LTLf-specific/benchmarks/benchmarks_ltlf/LTLfRandomConjunction/C100/20/N10": {
      "status": true,
      "rtime": 4.726,
      "clauses": 122
    },
    "/AIJ-artifact/LTLf-specific/benchmarks/benchmarks_ltlf/LTLfRandomConjunction/C100/100/N41": {
      "status": false,
      "rtime": 5001,
      "clauses": 133
    },
    "/AIJ-artifact/LTLf-specific/benchmarks/benchmarks_ltlf/LTLfRandomConjunction/C100/40/N35": {
      "status": true,
      "rtime": 1.998,
      "clauses": 125
    },
    "/AIJ-artifact/LTLf-specific/benchmarks/benchmarks_ltlf/LTLfRandomConjunction/C100/70/N50": {
      "status": true,
      "rtime": 10.188,
      "clauses": 138
    },
    "/AIJ-artifact/LTLf-specific/benchmarks/benchmarks_ltlf/LTLfRandomConjunction/C100/80/N50": {
      "status": false,
      "rtime": 5001,
      "clauses": 136
    },
    "/AIJ-artifact/LTLf-specific/benchmarks/benchmarks_ltlf/LTLfRandomConjunction/C100/90/N25": {
      "status": false,
      "rtime": 5001,
      "clauses": 128
    },
    "/AIJ-artifact/LTLf-specific/benchmarks/benchmarks_ltlf/LTLfRandomConjunction/C100/40/N37": {
      "status": true,
      "rtime": 54.405,
      "clauses": 126
    },
    "/AIJ-artifact/LTLf-specific/benchmarks/benchmarks_ltlf/LTLfRandomConjunction/C100/100/N33": {
      "status": false,
      "rtime": 5001,
      "clauses": 130
    },
    "/AIJ-artifact/LTLf-specific/benchmarks/benchmarks_ltlf/LTLfRandomConjunction/C100/50/N19": {
      "status": true,
      "rtime": 2.643,
      "clauses": 133
    },
    "/AIJ-artifact/LTLf-specific/benchmarks/benchmarks_ltlf/LTLfRandomConjunction/C100/70/N46": {
      "status": false,
      "rtime": 5001,
      "clauses": 134
    },
    "/AIJ-artifact/LTLf-specific/benchmarks/benchmarks_ltlf/LTLfRandomConjunction/C100/10/N41": {
      "status": true,
      "rtime": 3.714,
      "clauses": 131
    },
    "/AIJ-artifact/LTLf-specific/benchmarks/benchmarks_ltlf/LTLfRandomConjunction/C100/30/N4": {
      "status": true,
      "rtime": 11.125,
      "clauses": 118
    },
    "/AIJ-artifact/LTLf-specific/benchmarks/benchmarks_ltlf/LTLfRandomConjunction/C100/100/N30": {
      "status": false,
      "rtime": 5001,
      "clauses": 143
    },
    "/AIJ-artifact/LTLf-specific/benchmarks/benchmarks_ltlf/LTLfRandomConjunction/C100/20/N27": {
      "status": true,
      "rtime": 33.196,
      "clauses": 132
    },
    "/AIJ-artifact/LTLf-specific/benchmarks/benchmarks_ltlf/LTLfRandomConjunction/C100/40/N42": {
      "status": false,
      "rtime": 5001,
      "clauses": 131
    },
    "/AIJ-artifact/LTLf-specific/benchmarks/benchmarks_ltlf/LTLfRandomConjunction/C100/20/N8": {
      "status": true,
      "rtime": 68.618,
      "clauses": 128
    },
    "/AIJ-artifact/LTLf-specific/benchmarks/benchmarks_ltlf/LTLfRandomConjunction/C100/80/N35": {
      "status": false,
      "rtime": 5001,
      "clauses": 130
    },
    "/AIJ-artifact/LTLf-specific/benchmarks/benchmarks_ltlf/LTLfRandomConjunction/C100/20/N31": {
      "status": true,
      "rtime": 3.107,
      "clauses": 123
    },
    "/AIJ-artifact/LTLf-specific/benchmarks/benchmarks_ltlf/LTLfRandomConjunction/C100/80/N46": {
      "status": true,
      "rtime": 232.48,
      "clauses": 139
    },
    "/AIJ-artifact/LTLf-specific/benchmarks/benchmarks_ltlf/LTLfRandomConjunction/C100/50/N20": {
      "status": false,
      "rtime": 5001,
      "clauses": 136
    },
    "/AIJ-artifact/LTLf-specific/benchmarks/benchmarks_ltlf/LTLfRandomConjunction/C100/10/N1": {
      "status": true,
      "rtime": 7.088,
      "clauses": 131
    },
    "/AIJ-artifact/LTLf-specific/benchmarks/benchmarks_ltlf/LTLfRandomConjunction/C100/60/N7": {
      "status": false,
      "rtime": 5001,
      "clauses": 149
    },
    "/AIJ-artifact/LTLf-specific/benchmarks/benchmarks_ltlf/LTLfRandomConjunction/C100/30/N30": {
      "status": true,
      "rtime": 5.078,
      "clauses": 120
    },
    "/AIJ-artifact/LTLf-specific/benchmarks/benchmarks_ltlf/LTLfRandomConjunction/C100/10/N27": {
      "status": true,
      "rtime": 4.482,
      "clauses": 128
    },
    "/AIJ-artifact/LTLf-specific/benchmarks/benchmarks_ltlf/LTLfRandomConjunction/C100/90/N49": {
      "status": true,
      "rtime": 4.827,
      "clauses": 135
    },
    "/AIJ-artifact/LTLf-specific/benchmarks/benchmarks_ltlf/LTLfRandomConjunction/C100/30/N1": {
      "status": true,
      "rtime": 6.324,
      "clauses": 134
    },
    "/AIJ-artifact/LTLf-specific/benchmarks/benchmarks_ltlf/LTLfRandomConjunction/C100/60/N10": {
      "status": false,
      "rtime": 5001,
      "clauses": 133
    },
    "/AIJ-artifact/LTLf-specific/benchmarks/benchmarks_ltlf/LTLfRandomConjunction/C100/90/N6": {
      "status": false,
      "rtime": 5001,
      "clauses": 123
    },
    "/AIJ-artifact/LTLf-specific/benchmarks/benchmarks_ltlf/LTLfRandomConjunction/C100/30/N18": {
      "status": true,
      "rtime": 2.433,
      "clauses": 127
    },
    "/AIJ-artifact/LTLf-specific/benchmarks/benchmarks_ltlf/LTLfRandomConjunction/C100/100/N36": {
      "status": true,
      "rtime": 2.465,
      "clauses": 129
    },
    "/AIJ-artifact/LTLf-specific/benchmarks/benchmarks_ltlf/LTLfRandomConjunction/C100/20/N17": {
      "status": true,
      "rtime": 3.148,
      "clauses": 141
    },
    "/AIJ-artifact/LTLf-specific/benchmarks/benchmarks_ltlf/LTLfRandomConjunction/C100/100/N12": {
      "status": false,
      "rtime": 5001,
      "clauses": 133
    },
    "/AIJ-artifact/LTLf-specific/benchmarks/benchmarks_ltlf/LTLfRandomConjunction/C100/60/N48": {
      "status": false,
      "rtime": 5001,
      "clauses": 136
    },
    "/AIJ-artifact/LTLf-specific/benchmarks/benchmarks_ltlf/LTLfRandomConjunction/C100/70/N22": {
      "status": false,
      "rtime": 5001,
      "clauses": 137
    },
    "/AIJ-artifact/LTLf-specific/benchmarks/benchmarks_ltlf/LTLfRandomConjunction/C100/90/N38": {
      "status": false,
      "rtime": 5001,
      "clauses": 136
    },
    "/AIJ-artifact/LTLf-specific/benchmarks/benchmarks_ltlf/LTLfRandomConjunction/C100/70/N26": {
      "status": false,
      "rtime": 5001,
      "clauses": 132
    },
    "/AIJ-artifact/LTLf-specific/benchmarks/benchmarks_ltlf/LTLfRandomConjunction/C100/20/N6": {
      "status": true,
      "rtime": 3.073,
      "clauses": 122
    },
    "/AIJ-artifact/LTLf-specific/benchmarks/benchmarks_ltlf/LTLfRandomConjunction/C100/70/N33": {
      "status": false,
      "rtime": 5001,
      "clauses": 132
    },
    "/AIJ-artifact/LTLf-specific/benchmarks/benchmarks_ltlf/LTLfRandomConjunction/C100/90/N26": {
      "status": false,
      "rtime": 5001,
      "clauses": 137
    },
    "/AIJ-artifact/LTLf-specific/benchmarks/benchmarks_ltlf/LTLfRandomConjunction/C100/10/N19": {
      "status": true,
      "rtime": 3.888,
      "clauses": 129
    },
    "/AIJ-artifact/LTLf-specific/benchmarks/benchmarks_ltlf/LTLfRandomConjunction/C100/20/N23": {
      "status": true,
      "rtime": 3.097,
      "clauses": 131
    },
    "/AIJ-artifact/LTLf-specific/benchmarks/benchmarks_ltlf/LTLfRandomConjunction/C100/10/N8": {
      "status": true,
      "rtime": 4.23,
      "clauses": 131
    },
    "/AIJ-artifact/LTLf-specific/benchmarks/benchmarks_ltlf/LTLfRandomConjunction/C100/10/N11": {
      "status": true,
      "rtime": 6.352,
      "clauses": 132
    },
    "/AIJ-artifact/LTLf-specific/benchmarks/benchmarks_ltlf/LTLfRandomConjunction/C100/80/N47": {
      "status": false,
      "rtime": 5001,
      "clauses": 133
    },
    "/AIJ-artifact/LTLf-specific/benchmarks/benchmarks_ltlf/LTLfRandomConjunction/C100/80/N19": {
      "status": false,
      "rtime": 5001,
      "clauses": 129
    },
    "/AIJ-artifact/LTLf-specific/benchmarks/benchmarks_ltlf/LTLfRandomConjunction/C100/40/N8": {
      "status": true,
      "rtime": 4.279,
      "clauses": 139
    },
    "/AIJ-artifact/LTLf-specific/benchmarks/benchmarks_ltlf/LTLfRandomConjunction/C100/50/N50": {
      "status": false,
      "rtime": 5001,
      "clauses": 128
    },
    "/AIJ-artifact/LTLf-specific/benchmarks/benchmarks_ltlf/LTLfRandomConjunction/C100/60/N16": {
      "status": true,
      "rtime": 2.754,
      "clauses": 135
    },
    "/AIJ-artifact/LTLf-specific/benchmarks/benchmarks_ltlf/LTLfRandomConjunction/C100/70/N36": {
      "status": false,
      "rtime": 5001,
      "clauses": 130
    },
    "/AIJ-artifact/LTLf-specific/benchmarks/benchmarks_ltlf/LTLfRandomConjunction/C100/100/N19": {
      "status": false,
      "rtime": 5001,
      "clauses": 135
    },
    "/AIJ-artifact/LTLf-specific/benchmarks/benchmarks_ltlf/LTLfRandomConjunction/C100/80/N8": {
      "status": false,
      "rtime": 5001,
      "clauses": 138
    },
    "/AIJ-artifact/LTLf-specific/benchmarks/benchmarks_ltlf/LTLfRandomConjunction/C100/80/N39": {
      "status": false,
      "rtime": 5001,
      "clauses": 132
    },
    "/AIJ-artifact/LTLf-specific/benchmarks/benchmarks_ltlf/LTLfRandomConjunction/C100/80/N5": {
      "status": false,
      "rtime": 5001,
      "clauses": 123
    },
    "/AIJ-artifact/LTLf-specific/benchmarks/benchmarks_ltlf/LTLfRandomConjunction/C100/90/N18": {
      "status": false,
      "rtime": 5001,
      "clauses": 133
    },
    "/AIJ-artifact/LTLf-specific/benchmarks/benchmarks_ltlf/LTLfRandomConjunction/C100/50/N25": {
      "status": true,
      "rtime": 356.106,
      "clauses": 131
    },
    "/AIJ-artifact/LTLf-specific/benchmarks/benchmarks_ltlf/LTLfRandomConjunction/C100/60/N2": {
      "status": false,
      "rtime": 5001,
      "clauses": 129
    },
    "/AIJ-artifact/LTLf-specific/benchmarks/benchmarks_ltlf/LTLfRandomConjunction/C100/60/N49": {
      "status": true,
      "rtime": 3.575,
      "clauses": 127
    },
    "/AIJ-artifact/LTLf-specific/benchmarks/benchmarks_ltlf/LTLfRandomConjunction/C100/30/N50": {
      "status": true,
      "rtime": 3.024,
      "clauses": 127
    },
    "/AIJ-artifact/LTLf-specific/benchmarks/benchmarks_ltlf/LTLfRandomConjunction/C100/90/N36": {
      "status": false,
      "rtime": 5001,
      "clauses": 136
    },
    "/AIJ-artifact/LTLf-specific/benchmarks/benchmarks_ltlf/LTLfRandomConjunction/C100/20/N20": {
      "status": true,
      "rtime": 2.696,
      "clauses": 127
    },
    "/AIJ-artifact/LTLf-specific/benchmarks/benchmarks_ltlf/LTLfRandomConjunction/C100/60/N21": {
      "status": false,
      "rtime": 5001,
      "clauses": 139
    },
    "/AIJ-artifact/LTLf-specific/benchmarks/benchmarks_ltlf/LTLfRandomConjunction/C100/50/N2": {
      "status": true,
      "rtime": 5.4,
      "clauses": 132
    },
    "/AIJ-artifact/LTLf-specific/benchmarks/benchmarks_ltlf/LTLfRandomConjunction/C100/80/N32": {
      "status": true,
      "rtime": 2.894,
      "clauses": 139
    },
    "/AIJ-artifact/LTLf-specific/benchmarks/benchmarks_ltlf/LTLfRandomConjunction/C100/80/N6": {
      "status": true,
      "rtime": 7.246,
      "clauses": 136
    },
    "/AIJ-artifact/LTLf-specific/benchmarks/benchmarks_ltlf/LTLfRandomConjunction/C100/20/N16": {
      "status": true,
      "rtime": 2.164,
      "clauses": 123
    },
    "/AIJ-artifact/LTLf-specific/benchmarks/benchmarks_ltlf/LTLfRandomConjunction/C100/30/N6": {
      "status": false,
      "rtime": 5001,
      "clauses": 143
    },
    "/AIJ-artifact/LTLf-specific/benchmarks/benchmarks_ltlf/LTLfRandomConjunction/C100/60/N27": {
      "status": false,
      "rtime": 5001,
      "clauses": 140
    },
    "/AIJ-artifact/LTLf-specific/benchmarks/benchmarks_ltlf/LTLfRandomConjunction/C100/100/N26": {
      "status": false,
      "rtime": 5001,
      "clauses": 128
    },
    "/AIJ-artifact/LTLf-specific/benchmarks/benchmarks_ltlf/LTLfRandomConjunction/C100/60/N25": {
      "status": true,
      "rtime": 2.449,
      "clauses": 130
    },
    "/AIJ-artifact/LTLf-specific/benchmarks/benchmarks_ltlf/LTLfRandomConjunction/C100/30/N28": {
      "status": true,
      "rtime": 451.294,
      "clauses": 122
    },
    "/AIJ-artifact/LTLf-specific/benchmarks/benchmarks_ltlf/LTLfRandomConjunction/C100/60/N40": {
      "status": true,
      "rtime": 7.152,
      "clauses": 129
    },
    "/AIJ-artifact/LTLf-specific/benchmarks/benchmarks_ltlf/LTLfRandomConjunction/C100/90/N14": {
      "status": true,
      "rtime": 43.789,
      "clauses": 129
    },
    "/AIJ-artifact/LTLf-specific/benchmarks/benchmarks_ltlf/LTLfRandomConjunction/C100/50/N21": {
      "status": true,
      "rtime": 2.827,
      "clauses": 133
    },
    "/AIJ-artifact/LTLf-specific/benchmarks/benchmarks_ltlf/LTLfRandomConjunction/C100/60/N11": {
      "status": true,
      "rtime": 3.695,
      "clauses": 130
    },
    "/AIJ-artifact/LTLf-specific/benchmarks/benchmarks_ltlf/LTLfRandomConjunction/C100/70/N41": {
      "status": true,
      "rtime": 2.625,
      "clauses": 127
    },
    "/AIJ-artifact/LTLf-specific/benchmarks/benchmarks_ltlf/LTLfRandomConjunction/C100/40/N17": {
      "status": true,
      "rtime": 252.657,
      "clauses": 134
    },
    "/AIJ-artifact/LTLf-specific/benchmarks/benchmarks_ltlf/LTLfRandomConjunction/C100/20/N28": {
      "status": true,
      "rtime": 2.675,
      "clauses": 129
    },
    "/AIJ-artifact/LTLf-specific/benchmarks/benchmarks_ltlf/LTLfRandomConjunction/C100/90/N27": {
      "status": false,
      "rtime": 5001,
      "clauses": 146
    },
    "/AIJ-artifact/LTLf-specific/benchmarks/benchmarks_ltlf/LTLfRandomConjunction/C100/30/N45": {
      "status": true,
      "rtime": 7.895,
      "clauses": 131
    },
    "/AIJ-artifact/LTLf-specific/benchmarks/benchmarks_ltlf/LTLfRandomConjunction/C100/30/N22": {
      "status": true,
      "rtime": 8.593,
      "clauses": 145
    },
    "/AIJ-artifact/LTLf-specific/benchmarks/benchmarks_ltlf/LTLfRandomConjunction/C100/70/N24": {
      "status": false,
      "rtime": 5001,
      "clauses": 133
    },
    "/AIJ-artifact/LTLf-specific/benchmarks/benchmarks_ltlf/LTLfRandomConjunction/C100/20/N14": {
      "status": true,
      "rtime": 5.002,
      "clauses": 135
    },
    "/AIJ-artifact/LTLf-specific/benchmarks/benchmarks_ltlf/LTLfRandomConjunction/C100/70/N45": {
      "status": false,
      "rtime": 5001,
      "clauses": 132
    },
    "/AIJ-artifact/LTLf-specific/benchmarks/benchmarks_ltlf/LTLfRandomConjunction/C100/80/N26": {
      "status": false,
      "rtime": 5001,
      "clauses": 137
    },
    "/AIJ-artifact/LTLf-specific/benchmarks/benchmarks_ltlf/LTLfRandomConjunction/C100/70/N19": {
      "status": true,
      "rtime": 2.511,
      "clauses": 134
    },
    "/AIJ-artifact/LTLf-specific/benchmarks/benchmarks_ltlf/LTLfRandomConjunction/C100/40/N11": {
      "status": true,
      "rtime": 2.733,
      "clauses": 120
    },
    "/AIJ-artifact/LTLf-specific/benchmarks/benchmarks_ltlf/LTLfRandomConjunction/C100/60/N45": {
      "status": false,
      "rtime": 5001,
      "clauses": 132
    },
    "/AIJ-artifact/LTLf-specific/benchmarks/benchmarks_ltlf/LTLfRandomConjunction/C100/60/N9": {
      "status": false,
      "rtime": 5001,
      "clauses": 128
    },
    "/AIJ-artifact/LTLf-specific/benchmarks/benchmarks_ltlf/LTLfRandomConjunction/C100/40/N41": {
      "status": false,
      "rtime": 5001,
      "clauses": 136
    },
    "/AIJ-artifact/LTLf-specific/benchmarks/benchmarks_ltlf/LTLfRandomConjunction/C100/20/N3": {
      "status": true,
      "rtime": 18.402,
      "clauses": 124
    },
    "/AIJ-artifact/LTLf-specific/benchmarks/benchmarks_ltlf/LTLfRandomConjunction/C100/60/N22": {
      "status": false,
      "rtime": 5001,
      "clauses": 130
    },
    "/AIJ-artifact/LTLf-specific/benchmarks/benchmarks_ltlf/LTLfRandomConjunction/C100/70/N13": {
      "status": false,
      "rtime": 5001,
      "clauses": 143
    },
    "/AIJ-artifact/LTLf-specific/benchmarks/benchmarks_ltlf/LTLfRandomConjunction/C100/90/N30": {
      "status": false,
      "rtime": 5001,
      "clauses": 128
    },
    "/AIJ-artifact/LTLf-specific/benchmarks/benchmarks_ltlf/LTLfRandomConjunction/C100/80/N48": {
      "status": true,
      "rtime": 12.322,
      "clauses": 136
    },
    "/AIJ-artifact/LTLf-specific/benchmarks/benchmarks_ltlf/LTLfRandomConjunction/C100/60/N36": {
      "status": true,
      "rtime": 2.065,
      "clauses": 121
    },
    "/AIJ-artifact/LTLf-specific/benchmarks/benchmarks_ltlf/LTLfRandomConjunction/C100/30/N41": {
      "status": true,
      "rtime": 27.667,
      "clauses": 132
    },
    "/AIJ-artifact/LTLf-specific/benchmarks/benchmarks_ltlf/LTLfRandomConjunction/C100/40/N6": {
      "status": true,
      "rtime": 3.285,
      "clauses": 139
    },
    "/AIJ-artifact/LTLf-specific/benchmarks/benchmarks_ltlf/LTLfRandomConjunction/C100/80/N43": {
      "status": false,
      "rtime": 5001,
      "clauses": 135
    },
    "/AIJ-artifact/LTLf-specific/benchmarks/benchmarks_ltlf/LTLfRandomConjunction/C100/90/N21": {
      "status": true,
      "rtime": 6.065,
      "clauses": 137
    },
    "/AIJ-artifact/LTLf-specific/benchmarks/benchmarks_ltlf/LTLfRandomConjunction/C100/50/N22": {
      "status": true,
      "rtime": 150.41,
      "clauses": 136
    },
    "/AIJ-artifact/LTLf-specific/benchmarks/benchmarks_ltlf/LTLfRandomConjunction/C100/90/N8": {
      "status": false,
      "rtime": 5001,
      "clauses": 140
    }
  }
}