{
  "preamble": {
    "program": "NuSMV-S",
    "prog_alias": "ltlfuc_sat",
    "benchmark": "Li-et-al-AIJ2020-benchmark"
  },
  "stats": {
    "/AIJ-artifact/LTL-as-LTLf/benchmarks/benchmarks/alaska/lift/lift_b_f_l/lift_b_f_l_4": {
      "status": true,
      "rtime": 68.06,
      "clauses": 19
    },
    "/AIJ-artifact/LTL-as-LTLf/benchmarks/benchmarks/alaska/lift/lift_b_f_l/lift_b_f_l_8": {
      "status": true,
      "rtime": 73.38000000000001,
      "clauses": 28
    },
    "/AIJ-artifact/LTL-as-LTLf/benchmarks/benchmarks/alaska/lift/lift_b_f_l/lift_b_f_l_10": {
      "status": false,
      "rtime": 7200,
      "clauses": 33
    },
    "/AIJ-artifact/LTL-as-LTLf/benchmarks/benchmarks/alaska/lift/lift_b_f_l/lift_b_f_l_3": {
      "status": true,
      "rtime": 71.77000000000001,
      "clauses": 17
    },
    "/AIJ-artifact/LTL-as-LTLf/benchmarks/benchmarks/alaska/lift/lift_b_f_l/lift_b_f_l_12": {
      "status": true,
      "rtime": 70.67,
      "clauses": 37
    },
    "/AIJ-artifact/LTL-as-LTLf/benchmarks/benchmarks/alaska/lift/lift_b_f_l/lift_b_f_l_6": {
      "status": true,
      "rtime": 73.97,
      "clauses": 24
    },
    "/AIJ-artifact/LTL-as-LTLf/benchmarks/benchmarks/alaska/lift/lift_b_f_l/lift_b_f_l_13": {
      "status": true,
      "rtime": 79.56,
      "clauses": 39
    },
    "/AIJ-artifact/LTL-as-LTLf/benchmarks/benchmarks/alaska/lift/lift_b_f_l/lift_b_f_l_2": {
      "status": true,
      "rtime": 73.33,
      "clauses": 14
    },
    "/AIJ-artifact/LTL-as-LTLf/benchmarks/benchmarks/alaska/lift/lift_b_f_l/lift_b_f_l_11": {
      "status": true,
      "rtime": 71.83,
      "clauses": 35
    },
    "/AIJ-artifact/LTL-as-LTLf/benchmarks/benchmarks/alaska/lift/lift_b_f_l/lift_b_f_l_5": {
      "status": true,
      "rtime": 76.96000000000001,
      "clauses": 22
    },
    "/AIJ-artifact/LTL-as-LTLf/benchmarks/benchmarks/alaska/lift/lift_b_f_l/lift_b_f_l_9": {
      "status": true,
      "rtime": 75.48,
      "clauses": 31
    },
    "/AIJ-artifact/LTL-as-LTLf/benchmarks/benchmarks/alaska/lift/lift_b_f_l/lift_b_f_l_16": {
      "status": true,
      "rtime": 69.93,
      "clauses": 45
    },
    "/AIJ-artifact/LTL-as-LTLf/benchmarks/benchmarks/alaska/lift/lift_b_f_l/lift_b_f_l_18": {
      "status": true,
      "rtime": 74.81,
      "clauses": 50
    },
    "/AIJ-artifact/LTL-as-LTLf/benchmarks/benchmarks/alaska/lift/lift_b_f_l/lift_b_f_l_15": {
      "status": true,
      "rtime": 66.68,
      "clauses": 43
    },
    "/AIJ-artifact/LTL-as-LTLf/benchmarks/benchmarks/alaska/lift/lift_b_f_l/lift_b_f_l_14": {
      "status": true,
      "rtime": 71.36,
      "clauses": 41
    },
    "/AIJ-artifact/LTL-as-LTLf/benchmarks/benchmarks/alaska/lift/lift_b_f_l/lift_b_f_l_7": {
      "status": true,
      "rtime": 65.0,
      "clauses": 26
    },
    "/AIJ-artifact/LTL-as-LTLf/benchmarks/benchmarks/alaska/lift/lift_b_f_l/lift_b_f_l_17": {
      "status": true,
      "rtime": 60.379999999999995,
      "clauses": 48
    }
  }
}