{
  "preamble": {
    "program": "NuSMV-S",
    "prog_alias": "ltlfuc_sat",
    "benchmark": "Li-et-al-AIJ2020-benchmark"
  },
  "stats": {
    "/AIJ-artifact/LTL-as-LTLf/benchmarks/benchmarks/anzu/genbuf/genbuf_c/spec_c_16": {
      "status": true,
      "rtime": 68.87,
      "clauses": 330
    },
    "/AIJ-artifact/LTL-as-LTLf/benchmarks/benchmarks/anzu/genbuf/genbuf_c/spec_c_2": {
      "status": true,
      "rtime": 71.2,
      "clauses": 68
    },
    "/AIJ-artifact/LTL-as-LTLf/benchmarks/benchmarks/anzu/genbuf/genbuf_c/spec_c_4": {
      "status": true,
      "rtime": 78.41000000000001,
      "clauses": 94
    },
    "/AIJ-artifact/LTL-as-LTLf/benchmarks/benchmarks/anzu/genbuf/genbuf_c/spec_c_14": {
      "status": true,
      "rtime": 70.48,
      "clauses": 281
    },
    "/AIJ-artifact/LTL-as-LTLf/benchmarks/benchmarks/anzu/genbuf/genbuf_c/spec_c_17": {
      "status": true,
      "rtime": 78.15,
      "clauses": 357
    },
    "/AIJ-artifact/LTL-as-LTLf/benchmarks/benchmarks/anzu/genbuf/genbuf_c/spec_c_19": {
      "status": true,
      "rtime": 74.86,
      "clauses": 412
    },
    "/AIJ-artifact/LTL-as-LTLf/benchmarks/benchmarks/anzu/genbuf/genbuf_c/spec_c_9": {
      "status": true,
      "rtime": 68.79,
      "clauses": 176
    },
    "/AIJ-artifact/LTL-as-LTLf/benchmarks/benchmarks/anzu/genbuf/genbuf_c/spec_c_3": {
      "status": true,
      "rtime": 60.53,
      "clauses": 81
    },
    "/AIJ-artifact/LTL-as-LTLf/benchmarks/benchmarks/anzu/genbuf/genbuf_c/spec_c_15": {
      "status": true,
      "rtime": 66.63000000000001,
      "clauses": 305
    },
    "/AIJ-artifact/LTL-as-LTLf/benchmarks/benchmarks/anzu/genbuf/genbuf_c/spec_c_7": {
      "status": true,
      "rtime": 64.9,
      "clauses": 140
    },
    "/AIJ-artifact/LTL-as-LTLf/benchmarks/benchmarks/anzu/genbuf/genbuf_c/spec_c_10": {
      "status": true,
      "rtime": 61.419999999999995,
      "clauses": 195
    },
    "/AIJ-artifact/LTL-as-LTLf/benchmarks/benchmarks/anzu/genbuf/genbuf_c/spec_c_11": {
      "status": true,
      "rtime": 71.96000000000001,
      "clauses": 215
    },
    "/AIJ-artifact/LTL-as-LTLf/benchmarks/benchmarks/anzu/genbuf/genbuf_c/spec_c_20": {
      "status": true,
      "rtime": 77.68,
      "clauses": 441
    },
    "/AIJ-artifact/LTL-as-LTLf/benchmarks/benchmarks/anzu/genbuf/genbuf_c/spec_c_18": {
      "status": true,
      "rtime": 60.589999999999996,
      "clauses": 384
    },
    "/AIJ-artifact/LTL-as-LTLf/benchmarks/benchmarks/anzu/genbuf/genbuf_c/spec_c_1": {
      "status": true,
      "rtime": 61.93,
      "clauses": 57
    },
    "/AIJ-artifact/LTL-as-LTLf/benchmarks/benchmarks/anzu/genbuf/genbuf_c/spec_c_8": {
      "status": true,
      "rtime": 79.17,
      "clauses": 157
    },
    "/AIJ-artifact/LTL-as-LTLf/benchmarks/benchmarks/anzu/genbuf/genbuf_c/spec_c_13": {
      "status": true,
      "rtime": 65.74000000000001,
      "clauses": 258
    },
    "/AIJ-artifact/LTL-as-LTLf/benchmarks/benchmarks/anzu/genbuf/genbuf_c/spec_c_5": {
      "status": true,
      "rtime": 78.56,
      "clauses": 109
    },
    "/AIJ-artifact/LTL-as-LTLf/benchmarks/benchmarks/anzu/genbuf/genbuf_c/spec_c_12": {
      "status": true,
      "rtime": 63.96,
      "clauses": 236
    },
    "/AIJ-artifact/LTL-as-LTLf/benchmarks/benchmarks/anzu/genbuf/genbuf_c/spec_c_6": {
      "status": true,
      "rtime": 63.839999999999996,
      "clauses": 124
    }
  }
}