{
  "preamble": {
    "program": "NuSMV-B",
    "prog_alias": "ltlfuc_bdd",
    "benchmark": "Li-et-al-AIJ2020-benchmark"
  },
  "stats": {
    "/AIJ-artifact/LTL-as-LTLf/benchmarks/benchmarks/rozier/counter/counter/counter5": {
      "status": true,
      "rtime": 0.21,
      "clauses": 9
    },
    "/AIJ-artifact/LTL-as-LTLf/benchmarks/benchmarks/rozier/counter/counter/counter3": {
      "status": true,
      "rtime": 0.02,
      "clauses": 7
    },
    "/AIJ-artifact/LTL-as-LTLf/benchmarks/benchmarks/rozier/counter/counter/counter2": {
      "status": true,
      "rtime": 0.01,
      "clauses": 6
    },
    "/AIJ-artifact/LTL-as-LTLf/benchmarks/benchmarks/rozier/counter/counter/counter4": {
      "status": true,
      "rtime": 0.07,
      "clauses": 8
    },
    "/AIJ-artifact/LTL-as-LTLf/benchmarks/benchmarks/rozier/counter/counter/counter14": {
      "status": true,
      "rtime": 33.77,
      "clauses": 18
    },
    "/AIJ-artifact/LTL-as-LTLf/benchmarks/benchmarks/rozier/counter/counter/counter8": {
      "status": true,
      "rtime": 2.5,
      "clauses": 12
    },
    "/AIJ-artifact/LTL-as-LTLf/benchmarks/benchmarks/rozier/counter/counter/counter17": {
      "status": false,
      "rtime": 7200,
      "clauses": 21
    },
    "/AIJ-artifact/LTL-as-LTLf/benchmarks/benchmarks/rozier/counter/counter/counter10": {
      "status": true,
      "rtime": 25.11,
      "clauses": 14
    },
    "/AIJ-artifact/LTL-as-LTLf/benchmarks/benchmarks/rozier/counter/counter/counter20": {
      "status": false,
      "rtime": 7200,
      "clauses": 24
    },
    "/AIJ-artifact/LTL-as-LTLf/benchmarks/benchmarks/rozier/counter/counter/counter11": {
      "status": true,
      "rtime": 27.01,
      "clauses": 15
    },
    "/AIJ-artifact/LTL-as-LTLf/benchmarks/benchmarks/rozier/counter/counter/counter9": {
      "status": true,
      "rtime": 29.02,
      "clauses": 13
    },
    "/AIJ-artifact/LTL-as-LTLf/benchmarks/benchmarks/rozier/counter/counter/counter19": {
      "status": false,
      "rtime": 7200,
      "clauses": 23
    },
    "/AIJ-artifact/LTL-as-LTLf/benchmarks/benchmarks/rozier/counter/counter/counter6": {
      "status": true,
      "rtime": 0.49,
      "clauses": 10
    },
    "/AIJ-artifact/LTL-as-LTLf/benchmarks/benchmarks/rozier/counter/counter/counter12": {
      "status": true,
      "rtime": 6.38,
      "clauses": 16
    },
    "/AIJ-artifact/LTL-as-LTLf/benchmarks/benchmarks/rozier/counter/counter/counter15": {
      "status": true,
      "rtime": 14.94,
      "clauses": 19
    },
    "/AIJ-artifact/LTL-as-LTLf/benchmarks/benchmarks/rozier/counter/counter/counter18": {
      "status": false,
      "rtime": 7200,
      "clauses": 22
    },
    "/AIJ-artifact/LTL-as-LTLf/benchmarks/benchmarks/rozier/counter/counter/counter7": {
      "status": true,
      "rtime": 2.33,
      "clauses": 11
    },
    "/AIJ-artifact/LTL-as-LTLf/benchmarks/benchmarks/rozier/counter/counter/counter13": {
      "status": true,
      "rtime": 9.96,
      "clauses": 17
    },
    "/AIJ-artifact/LTL-as-LTLf/benchmarks/benchmarks/rozier/counter/counter/counter16": {
      "status": false,
      "rtime": 7200,
      "clauses": 20
    }
  }
}