{
  "preamble": {
    "program": "AALTAF",
    "prog_alias": "aaltafuc",
    "benchmark": "Li-et-al-AIJ2020-benchmark"
  },
  "stats": {
    "/AIJ-artifact/LTL-as-LTLf/benchmarks/benchmarks/rozier/counter/counter/counter5": {
      "status": true,
      "rtime": 78.709236,
      "clauses": 9
    },
    "/AIJ-artifact/LTL-as-LTLf/benchmarks/benchmarks/rozier/counter/counter/counter3": {
      "status": true,
      "rtime": 0.089446,
      "clauses": 7
    },
    "/AIJ-artifact/LTL-as-LTLf/benchmarks/benchmarks/rozier/counter/counter/counter2": {
      "status": true,
      "rtime": 0.013172,
      "clauses": 6
    },
    "/AIJ-artifact/LTL-as-LTLf/benchmarks/benchmarks/rozier/counter/counter/counter4": {
      "status": true,
      "rtime": 2.123066,
      "clauses": 8
    },
    "/AIJ-artifact/LTL-as-LTLf/benchmarks/benchmarks/rozier/counter/counter/counter14": {
      "status": false,
      "rtime": 20001,
      "clauses": 18
    },
    "/AIJ-artifact/LTL-as-LTLf/benchmarks/benchmarks/rozier/counter/counter/counter8": {
      "status": false,
      "rtime": 20001,
      "clauses": 12
    },
    "/AIJ-artifact/LTL-as-LTLf/benchmarks/benchmarks/rozier/counter/counter/counter17": {
      "status": false,
      "rtime": 20001,
      "clauses": 21
    },
    "/AIJ-artifact/LTL-as-LTLf/benchmarks/benchmarks/rozier/counter/counter/counter10": {
      "status": false,
      "rtime": 20001,
      "clauses": 14
    },
    "/AIJ-artifact/LTL-as-LTLf/benchmarks/benchmarks/rozier/counter/counter/counter20": {
      "status": false,
      "rtime": 20001,
      "clauses": 24
    },
    "/AIJ-artifact/LTL-as-LTLf/benchmarks/benchmarks/rozier/counter/counter/counter11": {
      "status": false,
      "rtime": 20001,
      "clauses": 15
    },
    "/AIJ-artifact/LTL-as-LTLf/benchmarks/benchmarks/rozier/counter/counter/counter9": {
      "status": false,
      "rtime": 20001,
      "clauses": 13
    },
    "/AIJ-artifact/LTL-as-LTLf/benchmarks/benchmarks/rozier/counter/counter/counter19": {
      "status": false,
      "rtime": 20001,
      "clauses": 23
    },
    "/AIJ-artifact/LTL-as-LTLf/benchmarks/benchmarks/rozier/counter/counter/counter6": {
      "status": false,
      "rtime": 20001,
      "clauses": 10
    },
    "/AIJ-artifact/LTL-as-LTLf/benchmarks/benchmarks/rozier/counter/counter/counter12": {
      "status": false,
      "rtime": 20001,
      "clauses": 16
    },
    "/AIJ-artifact/LTL-as-LTLf/benchmarks/benchmarks/rozier/counter/counter/counter15": {
      "status": false,
      "rtime": 20001,
      "clauses": 19
    },
    "/AIJ-artifact/LTL-as-LTLf/benchmarks/benchmarks/rozier/counter/counter/counter18": {
      "status": false,
      "rtime": 20001,
      "clauses": 22
    },
    "/AIJ-artifact/LTL-as-LTLf/benchmarks/benchmarks/rozier/counter/counter/counter7": {
      "status": false,
      "rtime": 20001,
      "clauses": 11
    },
    "/AIJ-artifact/LTL-as-LTLf/benchmarks/benchmarks/rozier/counter/counter/counter13": {
      "status": false,
      "rtime": 20001,
      "clauses": 17
    },
    "/AIJ-artifact/LTL-as-LTLf/benchmarks/benchmarks/rozier/counter/counter/counter16": {
      "status": false,
      "rtime": 20001,
      "clauses": 20
    }
  }
}