{
  "preamble": {
    "program": "Virtual best",
    "prog_alias": "v_best",
    "benchmark": "Li-et-al-AIJ2020-benchmark"
  },
  "stats": {
    "/AIJ-artifact/LTL-as-LTLf/benchmarks/benchmarks/alaska/lift/lift_f/lift_f_14": {
      "status": true,
      "rtime": 2.538195,
      "clauses": 25
    },
    "/AIJ-artifact/LTL-as-LTLf/benchmarks/benchmarks/alaska/lift/lift_f/lift_f_4": {
      "status": true,
      "rtime": 0.018216,
      "clauses": 15
    },
    "/AIJ-artifact/LTL-as-LTLf/benchmarks/benchmarks/alaska/lift/lift_f/lift_f_9": {
      "status": true,
      "rtime": 0.326975,
      "clauses": 20
    },
    "/AIJ-artifact/LTL-as-LTLf/benchmarks/benchmarks/alaska/lift/lift_f/lift_f_10": {
      "status": true,
      "rtime": 0.508484,
      "clauses": 21
    },
    "/AIJ-artifact/LTL-as-LTLf/benchmarks/benchmarks/alaska/lift/lift_f/lift_f_17": {
      "status": true,
      "rtime": 10.059007,
      "clauses": 28
    },
    "/AIJ-artifact/LTL-as-LTLf/benchmarks/benchmarks/alaska/lift/lift_f/lift_f_5": {
      "status": true,
      "rtime": 0.044663,
      "clauses": 16
    },
    "/AIJ-artifact/LTL-as-LTLf/benchmarks/benchmarks/alaska/lift/lift_f/lift_f_7": {
      "status": true,
      "rtime": 0.09811,
      "clauses": 18
    },
    "/AIJ-artifact/LTL-as-LTLf/benchmarks/benchmarks/alaska/lift/lift_f/lift_f_18": {
      "status": true,
      "rtime": 7.441855,
      "clauses": 29
    },
    "/AIJ-artifact/LTL-as-LTLf/benchmarks/benchmarks/alaska/lift/lift_f/lift_f_12": {
      "status": true,
      "rtime": 0.531246,
      "clauses": 23
    },
    "/AIJ-artifact/LTL-as-LTLf/benchmarks/benchmarks/alaska/lift/lift_f/lift_f_8": {
      "status": true,
      "rtime": 0.185429,
      "clauses": 19
    },
    "/AIJ-artifact/LTL-as-LTLf/benchmarks/benchmarks/alaska/lift/lift_f/lift_f_11": {
      "status": true,
      "rtime": 0.580662,
      "clauses": 22
    },
    "/AIJ-artifact/LTL-as-LTLf/benchmarks/benchmarks/alaska/lift/lift_f/lift_f_13": {
      "status": true,
      "rtime": 1.092968,
      "clauses": 24
    },
    "/AIJ-artifact/LTL-as-LTLf/benchmarks/benchmarks/alaska/lift/lift_f/lift_f_6": {
      "status": true,
      "rtime": 0.084056,
      "clauses": 17
    },
    "/AIJ-artifact/LTL-as-LTLf/benchmarks/benchmarks/alaska/lift/lift_f/lift_f_2": {
      "status": true,
      "rtime": 0.011478,
      "clauses": 13
    },
    "/AIJ-artifact/LTL-as-LTLf/benchmarks/benchmarks/alaska/lift/lift_f/lift_f_16": {
      "status": true,
      "rtime": 3.261904,
      "clauses": 27
    },
    "/AIJ-artifact/LTL-as-LTLf/benchmarks/benchmarks/alaska/lift/lift_f/lift_f_15": {
      "status": true,
      "rtime": 43.756009,
      "clauses": 26
    },
    "/AIJ-artifact/LTL-as-LTLf/benchmarks/benchmarks/alaska/lift/lift_f/lift_f_3": {
      "status": true,
      "rtime": 0.016652,
      "clauses": 14
    }
  }
}