{
  "preamble": {
    "program": "NuSMV-B",
    "prog_alias": "ltlfuc_bdd",
    "benchmark": "Li-et-al-AIJ2020-benchmark"
  },
  "stats": {
    "/AIJ-artifact/LTL-as-LTLf/benchmarks/benchmarks/alaska/lift/lift_f/lift_f_14": {
      "status": false,
      "rtime": 7200,
      "clauses": 25
    },
    "/AIJ-artifact/LTL-as-LTLf/benchmarks/benchmarks/alaska/lift/lift_f/lift_f_4": {
      "status": true,
      "rtime": 6.78,
      "clauses": 15
    },
    "/AIJ-artifact/LTL-as-LTLf/benchmarks/benchmarks/alaska/lift/lift_f/lift_f_9": {
      "status": true,
      "rtime": 963.63,
      "clauses": 20
    },
    "/AIJ-artifact/LTL-as-LTLf/benchmarks/benchmarks/alaska/lift/lift_f/lift_f_10": {
      "status": false,
      "rtime": 7200,
      "clauses": 21
    },
    "/AIJ-artifact/LTL-as-LTLf/benchmarks/benchmarks/alaska/lift/lift_f/lift_f_17": {
      "status": false,
      "rtime": 7200,
      "clauses": 28
    },
    "/AIJ-artifact/LTL-as-LTLf/benchmarks/benchmarks/alaska/lift/lift_f/lift_f_5": {
      "status": true,
      "rtime": 28.08,
      "clauses": 16
    },
    "/AIJ-artifact/LTL-as-LTLf/benchmarks/benchmarks/alaska/lift/lift_f/lift_f_7": {
      "status": true,
      "rtime": 115.63,
      "clauses": 18
    },
    "/AIJ-artifact/LTL-as-LTLf/benchmarks/benchmarks/alaska/lift/lift_f/lift_f_18": {
      "status": false,
      "rtime": 7200,
      "clauses": 29
    },
    "/AIJ-artifact/LTL-as-LTLf/benchmarks/benchmarks/alaska/lift/lift_f/lift_f_12": {
      "status": false,
      "rtime": 7200,
      "clauses": 23
    },
    "/AIJ-artifact/LTL-as-LTLf/benchmarks/benchmarks/alaska/lift/lift_f/lift_f_8": {
      "status": true,
      "rtime": 374.23,
      "clauses": 19
    },
    "/AIJ-artifact/LTL-as-LTLf/benchmarks/benchmarks/alaska/lift/lift_f/lift_f_11": {
      "status": false,
      "rtime": 7200,
      "clauses": 22
    },
    "/AIJ-artifact/LTL-as-LTLf/benchmarks/benchmarks/alaska/lift/lift_f/lift_f_13": {
      "status": false,
      "rtime": 7200,
      "clauses": 24
    },
    "/AIJ-artifact/LTL-as-LTLf/benchmarks/benchmarks/alaska/lift/lift_f/lift_f_6": {
      "status": true,
      "rtime": 137.86,
      "clauses": 17
    },
    "/AIJ-artifact/LTL-as-LTLf/benchmarks/benchmarks/alaska/lift/lift_f/lift_f_2": {
      "status": true,
      "rtime": 0.26,
      "clauses": 13
    },
    "/AIJ-artifact/LTL-as-LTLf/benchmarks/benchmarks/alaska/lift/lift_f/lift_f_16": {
      "status": false,
      "rtime": 7200,
      "clauses": 27
    },
    "/AIJ-artifact/LTL-as-LTLf/benchmarks/benchmarks/alaska/lift/lift_f/lift_f_15": {
      "status": false,
      "rtime": 7200,
      "clauses": 26
    },
    "/AIJ-artifact/LTL-as-LTLf/benchmarks/benchmarks/alaska/lift/lift_f/lift_f_3": {
      "status": true,
      "rtime": 1.67,
      "clauses": 14
    }
  }
}