{
  "preamble": {
    "program": "NuSMV-S",
    "prog_alias": "ltlfuc_sat",
    "benchmark": "Li-et-al-AIJ2020-benchmark"
  },
  "stats": {
    "/AIJ-artifact/LTL-as-LTLf/benchmarks/benchmarks/alaska/lift/lift_f/lift_f_14": {
      "status": true,
      "rtime": 68.7,
      "clauses": 25
    },
    "/AIJ-artifact/LTL-as-LTLf/benchmarks/benchmarks/alaska/lift/lift_f/lift_f_4": {
      "status": true,
      "rtime": 69.16000000000001,
      "clauses": 15
    },
    "/AIJ-artifact/LTL-as-LTLf/benchmarks/benchmarks/alaska/lift/lift_f/lift_f_9": {
      "status": true,
      "rtime": 76.07000000000001,
      "clauses": 20
    },
    "/AIJ-artifact/LTL-as-LTLf/benchmarks/benchmarks/alaska/lift/lift_f/lift_f_10": {
      "status": true,
      "rtime": 73.34,
      "clauses": 21
    },
    "/AIJ-artifact/LTL-as-LTLf/benchmarks/benchmarks/alaska/lift/lift_f/lift_f_17": {
      "status": true,
      "rtime": 70.45,
      "clauses": 28
    },
    "/AIJ-artifact/LTL-as-LTLf/benchmarks/benchmarks/alaska/lift/lift_f/lift_f_5": {
      "status": true,
      "rtime": 69.5,
      "clauses": 16
    },
    "/AIJ-artifact/LTL-as-LTLf/benchmarks/benchmarks/alaska/lift/lift_f/lift_f_7": {
      "status": false,
      "rtime": 7200,
      "clauses": 18
    },
    "/AIJ-artifact/LTL-as-LTLf/benchmarks/benchmarks/alaska/lift/lift_f/lift_f_18": {
      "status": true,
      "rtime": 63.75,
      "clauses": 29
    },
    "/AIJ-artifact/LTL-as-LTLf/benchmarks/benchmarks/alaska/lift/lift_f/lift_f_12": {
      "status": true,
      "rtime": 63.85,
      "clauses": 23
    },
    "/AIJ-artifact/LTL-as-LTLf/benchmarks/benchmarks/alaska/lift/lift_f/lift_f_8": {
      "status": true,
      "rtime": 77.66000000000001,
      "clauses": 19
    },
    "/AIJ-artifact/LTL-as-LTLf/benchmarks/benchmarks/alaska/lift/lift_f/lift_f_11": {
      "status": true,
      "rtime": 71.01,
      "clauses": 22
    },
    "/AIJ-artifact/LTL-as-LTLf/benchmarks/benchmarks/alaska/lift/lift_f/lift_f_13": {
      "status": true,
      "rtime": 66.44000000000001,
      "clauses": 24
    },
    "/AIJ-artifact/LTL-as-LTLf/benchmarks/benchmarks/alaska/lift/lift_f/lift_f_6": {
      "status": true,
      "rtime": 78.11,
      "clauses": 17
    },
    "/AIJ-artifact/LTL-as-LTLf/benchmarks/benchmarks/alaska/lift/lift_f/lift_f_2": {
      "status": true,
      "rtime": 62.16,
      "clauses": 13
    },
    "/AIJ-artifact/LTL-as-LTLf/benchmarks/benchmarks/alaska/lift/lift_f/lift_f_16": {
      "status": true,
      "rtime": 72.09,
      "clauses": 27
    },
    "/AIJ-artifact/LTL-as-LTLf/benchmarks/benchmarks/alaska/lift/lift_f/lift_f_15": {
      "status": true,
      "rtime": 79.25,
      "clauses": 26
    },
    "/AIJ-artifact/LTL-as-LTLf/benchmarks/benchmarks/alaska/lift/lift_f/lift_f_3": {
      "status": true,
      "rtime": 62.69,
      "clauses": 14
    }
  }
}