{
  "preamble": {
    "program": "NuSMV-S",
    "prog_alias": "ltlfuc_sat",
    "benchmark": "Li-et-al-AIJ2020-benchmark"
  },
  "stats": {
    "/AIJ-artifact/LTL-as-LTLf/benchmarks/benchmarks/alaska/lift/lift_f_l/lift_f_l_18": {
      "status": true,
      "rtime": 78.60000000000001,
      "clauses": 47
    },
    "/AIJ-artifact/LTL-as-LTLf/benchmarks/benchmarks/alaska/lift/lift_f_l/lift_f_l_16": {
      "status": true,
      "rtime": 66.32000000000001,
      "clauses": 43
    },
    "/AIJ-artifact/LTL-as-LTLf/benchmarks/benchmarks/alaska/lift/lift_f_l/lift_f_l_13": {
      "status": true,
      "rtime": 77.86,
      "clauses": 37
    },
    "/AIJ-artifact/LTL-as-LTLf/benchmarks/benchmarks/alaska/lift/lift_f_l/lift_f_l_8": {
      "status": true,
      "rtime": 64.72,
      "clauses": 27
    },
    "/AIJ-artifact/LTL-as-LTLf/benchmarks/benchmarks/alaska/lift/lift_f_l/lift_f_l_14": {
      "status": true,
      "rtime": 75.58,
      "clauses": 39
    },
    "/AIJ-artifact/LTL-as-LTLf/benchmarks/benchmarks/alaska/lift/lift_f_l/lift_f_l_11": {
      "status": true,
      "rtime": 75.81,
      "clauses": 33
    },
    "/AIJ-artifact/LTL-as-LTLf/benchmarks/benchmarks/alaska/lift/lift_f_l/lift_f_l_17": {
      "status": true,
      "rtime": 63.94,
      "clauses": 45
    },
    "/AIJ-artifact/LTL-as-LTLf/benchmarks/benchmarks/alaska/lift/lift_f_l/lift_f_l_10": {
      "status": true,
      "rtime": 64.9,
      "clauses": 31
    },
    "/AIJ-artifact/LTL-as-LTLf/benchmarks/benchmarks/alaska/lift/lift_f_l/lift_f_l_4": {
      "status": true,
      "rtime": 78.71000000000001,
      "clauses": 19
    },
    "/AIJ-artifact/LTL-as-LTLf/benchmarks/benchmarks/alaska/lift/lift_f_l/lift_f_l_5": {
      "status": true,
      "rtime": 63.93,
      "clauses": 21
    },
    "/AIJ-artifact/LTL-as-LTLf/benchmarks/benchmarks/alaska/lift/lift_f_l/lift_f_l_9": {
      "status": true,
      "rtime": 60.64,
      "clauses": 29
    },
    "/AIJ-artifact/LTL-as-LTLf/benchmarks/benchmarks/alaska/lift/lift_f_l/lift_f_l_2": {
      "status": true,
      "rtime": 79.68,
      "clauses": 15
    },
    "/AIJ-artifact/LTL-as-LTLf/benchmarks/benchmarks/alaska/lift/lift_f_l/lift_f_l_12": {
      "status": true,
      "rtime": 45.41,
      "clauses": 35
    },
    "/AIJ-artifact/LTL-as-LTLf/benchmarks/benchmarks/alaska/lift/lift_f_l/lift_f_l_7": {
      "status": false,
      "rtime": 7200,
      "clauses": 25
    },
    "/AIJ-artifact/LTL-as-LTLf/benchmarks/benchmarks/alaska/lift/lift_f_l/lift_f_l_6": {
      "status": true,
      "rtime": 61.82,
      "clauses": 23
    },
    "/AIJ-artifact/LTL-as-LTLf/benchmarks/benchmarks/alaska/lift/lift_f_l/lift_f_l_3": {
      "status": true,
      "rtime": 71.24000000000001,
      "clauses": 17
    },
    "/AIJ-artifact/LTL-as-LTLf/benchmarks/benchmarks/alaska/lift/lift_f_l/lift_f_l_15": {
      "status": true,
      "rtime": 73.13000000000001,
      "clauses": 41
    }
  }
}