{
  "preamble": {
    "program": "NuSMV-S",
    "prog_alias": "ltlfuc_sat",
    "benchmark": "Li-et-al-AIJ2020-benchmark"
  },
  "stats": {
    "/AIJ-artifact/LTL-as-LTLf/benchmarks/benchmarks/anzu/genbuf/genbuf_cl/spec_cl_3": {
      "status": true,
      "rtime": 61.519999999999996,
      "clauses": 84
    },
    "/AIJ-artifact/LTL-as-LTLf/benchmarks/benchmarks/anzu/genbuf/genbuf_cl/spec_cl_19": {
      "status": true,
      "rtime": 79.16000000000001,
      "clauses": 431
    },
    "/AIJ-artifact/LTL-as-LTLf/benchmarks/benchmarks/anzu/genbuf/genbuf_cl/spec_cl_13": {
      "status": true,
      "rtime": 66.60000000000001,
      "clauses": 271
    },
    "/AIJ-artifact/LTL-as-LTLf/benchmarks/benchmarks/anzu/genbuf/genbuf_cl/spec_cl_7": {
      "status": true,
      "rtime": 69.60000000000001,
      "clauses": 147
    },
    "/AIJ-artifact/LTL-as-LTLf/benchmarks/benchmarks/anzu/genbuf/genbuf_cl/spec_cl_8": {
      "status": true,
      "rtime": 71.4,
      "clauses": 165
    },
    "/AIJ-artifact/LTL-as-LTLf/benchmarks/benchmarks/anzu/genbuf/genbuf_cl/spec_cl_17": {
      "status": true,
      "rtime": 60.76,
      "clauses": 374
    },
    "/AIJ-artifact/LTL-as-LTLf/benchmarks/benchmarks/anzu/genbuf/genbuf_cl/spec_cl_4": {
      "status": true,
      "rtime": 76.99000000000001,
      "clauses": 98
    },
    "/AIJ-artifact/LTL-as-LTLf/benchmarks/benchmarks/anzu/genbuf/genbuf_cl/spec_cl_16": {
      "status": true,
      "rtime": 62.78,
      "clauses": 346
    },
    "/AIJ-artifact/LTL-as-LTLf/benchmarks/benchmarks/anzu/genbuf/genbuf_cl/spec_cl_20": {
      "status": true,
      "rtime": 77.07000000000001,
      "clauses": 461
    },
    "/AIJ-artifact/LTL-as-LTLf/benchmarks/benchmarks/anzu/genbuf/genbuf_cl/spec_cl_6": {
      "status": true,
      "rtime": 74.08,
      "clauses": 130
    },
    "/AIJ-artifact/LTL-as-LTLf/benchmarks/benchmarks/anzu/genbuf/genbuf_cl/spec_cl_11": {
      "status": true,
      "rtime": 76.59,
      "clauses": 226
    },
    "/AIJ-artifact/LTL-as-LTLf/benchmarks/benchmarks/anzu/genbuf/genbuf_cl/spec_cl_12": {
      "status": false,
      "rtime": 7200,
      "clauses": 248
    },
    "/AIJ-artifact/LTL-as-LTLf/benchmarks/benchmarks/anzu/genbuf/genbuf_cl/spec_cl_5": {
      "status": true,
      "rtime": 65.17,
      "clauses": 114
    },
    "/AIJ-artifact/LTL-as-LTLf/benchmarks/benchmarks/anzu/genbuf/genbuf_cl/spec_cl_10": {
      "status": true,
      "rtime": 66.53,
      "clauses": 205
    },
    "/AIJ-artifact/LTL-as-LTLf/benchmarks/benchmarks/anzu/genbuf/genbuf_cl/spec_cl_9": {
      "status": true,
      "rtime": 79.55000000000001,
      "clauses": 185
    },
    "/AIJ-artifact/LTL-as-LTLf/benchmarks/benchmarks/anzu/genbuf/genbuf_cl/spec_cl_2": {
      "status": true,
      "rtime": 69.98,
      "clauses": 70
    },
    "/AIJ-artifact/LTL-as-LTLf/benchmarks/benchmarks/anzu/genbuf/genbuf_cl/spec_cl_18": {
      "status": true,
      "rtime": 64.49000000000001,
      "clauses": 402
    },
    "/AIJ-artifact/LTL-as-LTLf/benchmarks/benchmarks/anzu/genbuf/genbuf_cl/spec_cl_1": {
      "status": true,
      "rtime": 60.08,
      "clauses": 58
    },
    "/AIJ-artifact/LTL-as-LTLf/benchmarks/benchmarks/anzu/genbuf/genbuf_cl/spec_cl_14": {
      "status": true,
      "rtime": 69.35000000000001,
      "clauses": 295
    },
    "/AIJ-artifact/LTL-as-LTLf/benchmarks/benchmarks/anzu/genbuf/genbuf_cl/spec_cl_15": {
      "status": true,
      "rtime": 77.28,
      "clauses": 320
    }
  }
}