{
  "preamble": {
    "program": "NuSMV-S",
    "prog_alias": "ltlfuc_sat",
    "benchmark": "Li-et-al-AIJ2020-benchmark"
  },
  "stats": {
    "/AIJ-artifact/LTL-as-LTLf/benchmarks/benchmarks/forobots/forobotsr1f0_Gn_s1": {
      "status": true,
      "rtime": 63.339999999999996,
      "clauses": 6
    },
    "/AIJ-artifact/LTL-as-LTLf/benchmarks/benchmarks/forobots/forobotsr1f0_FGn_l": {
      "status": true,
      "rtime": 6.99,
      "clauses": 6
    },
    "/AIJ-artifact/LTL-as-LTLf/benchmarks/benchmarks/forobots/forobotsr1f0_GF_h1": {
      "status": true,
      "rtime": 64.63000000000001,
      "clauses": 6
    },
    "/AIJ-artifact/LTL-as-LTLf/benchmarks/benchmarks/forobots/forobotsr1f0_GF_g": {
      "status": true,
      "rtime": 74.14,
      "clauses": 6
    },
    "/AIJ-artifact/LTL-as-LTLf/benchmarks/benchmarks/forobots/forobotsr1f0_FGn_mf": {
      "status": true,
      "rtime": 7.07,
      "clauses": 6
    },
    "/AIJ-artifact/LTL-as-LTLf/benchmarks/benchmarks/forobots/forobotsr1f0_G_s1": {
      "status": true,
      "rtime": 68.33,
      "clauses": 6
    },
    "/AIJ-artifact/LTL-as-LTLf/benchmarks/benchmarks/forobots/forobotsr1f0_Gn_mh": {
      "status": true,
      "rtime": 77.72,
      "clauses": 6
    },
    "/AIJ-artifact/LTL-as-LTLf/benchmarks/benchmarks/forobots/forobotsr1f0_G_mf": {
      "status": true,
      "rtime": 71.06,
      "clauses": 6
    },
    "/AIJ-artifact/LTL-as-LTLf/benchmarks/benchmarks/forobots/forobotsr1f0_Gn_d": {
      "status": true,
      "rtime": 66.13000000000001,
      "clauses": 6
    },
    "/AIJ-artifact/LTL-as-LTLf/benchmarks/benchmarks/forobots/forobotsr1f0_FGn_ra": {
      "status": true,
      "rtime": 6.87,
      "clauses": 6
    },
    "/AIJ-artifact/LTL-as-LTLf/benchmarks/benchmarks/forobots/forobotsr1f0_Gn_mf": {
      "status": true,
      "rtime": 68.21000000000001,
      "clauses": 6
    },
    "/AIJ-artifact/LTL-as-LTLf/benchmarks/benchmarks/forobots/forobotsr1f0_GF_s1": {
      "status": true,
      "rtime": 77.42,
      "clauses": 6
    },
    "/AIJ-artifact/LTL-as-LTLf/benchmarks/benchmarks/forobots/forobotsr1f0_G_mh": {
      "status": true,
      "rtime": 69.99000000000001,
      "clauses": 6
    },
    "/AIJ-artifact/LTL-as-LTLf/benchmarks/benchmarks/forobots/forobotsr1f0_FGn_d": {
      "status": true,
      "rtime": 6.81,
      "clauses": 6
    },
    "/AIJ-artifact/LTL-as-LTLf/benchmarks/benchmarks/forobots/forobotsr1f0_F_mhandra": {
      "status": true,
      "rtime": 6.54,
      "clauses": 6
    },
    "/AIJ-artifact/LTL-as-LTLf/benchmarks/benchmarks/forobots/forobotsr1f0_FGn_mh": {
      "status": true,
      "rtime": 6.78,
      "clauses": 6
    },
    "/AIJ-artifact/LTL-as-LTLf/benchmarks/benchmarks/forobots/forobotsr1f0_Gn_ra": {
      "status": true,
      "rtime": 61.04,
      "clauses": 6
    },
    "/AIJ-artifact/LTL-as-LTLf/benchmarks/benchmarks/forobots/forobotsr1f0_Gn_l": {
      "status": true,
      "rtime": 69.42,
      "clauses": 6
    },
    "/AIJ-artifact/LTL-as-LTLf/benchmarks/benchmarks/forobots/forobotsr1f0_Gn_g": {
      "status": true,
      "rtime": 69.93,
      "clauses": 6
    },
    "/AIJ-artifact/LTL-as-LTLf/benchmarks/benchmarks/forobots/forobotsr1f0_G_re": {
      "status": true,
      "rtime": 77.71000000000001,
      "clauses": 6
    },
    "/AIJ-artifact/LTL-as-LTLf/benchmarks/benchmarks/forobots/forobotsr1f0_GF_re": {
      "status": true,
      "rtime": 62.26,
      "clauses": 6
    },
    "/AIJ-artifact/LTL-as-LTLf/benchmarks/benchmarks/forobots/forobotsr1f0_GF_d": {
      "status": true,
      "rtime": 68.55000000000001,
      "clauses": 6
    },
    "/AIJ-artifact/LTL-as-LTLf/benchmarks/benchmarks/forobots/forobotsr1f0_FGn_g": {
      "status": true,
      "rtime": 6.66,
      "clauses": 6
    },
    "/AIJ-artifact/LTL-as-LTLf/benchmarks/benchmarks/forobots/forobotsr1f0_G_h1": {
      "status": true,
      "rtime": 79.13000000000001,
      "clauses": 6
    },
    "/AIJ-artifact/LTL-as-LTLf/benchmarks/benchmarks/forobots/forobotsr1f0_G_ra": {
      "status": true,
      "rtime": 78.67,
      "clauses": 6
    },
    "/AIJ-artifact/LTL-as-LTLf/benchmarks/benchmarks/forobots/forobotsr1f0_GF_l": {
      "status": true,
      "rtime": 73.39,
      "clauses": 6
    },
    "/AIJ-artifact/LTL-as-LTLf/benchmarks/benchmarks/forobots/forobotsr1f0_G_g": {
      "status": true,
      "rtime": 63.989999999999995,
      "clauses": 6
    },
    "/AIJ-artifact/LTL-as-LTLf/benchmarks/benchmarks/forobots/forobotsr1f0_FGn_ff": {
      "status": true,
      "rtime": 6.65,
      "clauses": 6
    },
    "/AIJ-artifact/LTL-as-LTLf/benchmarks/benchmarks/forobots/forobotsr1f0_FGn_h1": {
      "status": true,
      "rtime": 6.88,
      "clauses": 6
    },
    "/AIJ-artifact/LTL-as-LTLf/benchmarks/benchmarks/forobots/forobotsr1f0_GF_mf": {
      "status": true,
      "rtime": 66.71000000000001,
      "clauses": 6
    },
    "/AIJ-artifact/LTL-as-LTLf/benchmarks/benchmarks/forobots/forobotsr1f0_FGn_s1": {
      "status": true,
      "rtime": 6.88,
      "clauses": 6
    },
    "/AIJ-artifact/LTL-as-LTLf/benchmarks/benchmarks/forobots/forobotsr1f0_Gn_h1": {
      "status": true,
      "rtime": 76.65,
      "clauses": 6
    },
    "/AIJ-artifact/LTL-as-LTLf/benchmarks/benchmarks/forobots/forobotsr1f0_FGn_re": {
      "status": true,
      "rtime": 6.76,
      "clauses": 6
    },
    "/AIJ-artifact/LTL-as-LTLf/benchmarks/benchmarks/forobots/forobotsr1f0_GF_mh": {
      "status": true,
      "rtime": 79.86,
      "clauses": 6
    },
    "/AIJ-artifact/LTL-as-LTLf/benchmarks/benchmarks/forobots/forobotsr1f0_G_d": {
      "status": true,
      "rtime": 70.81,
      "clauses": 6
    },
    "/AIJ-artifact/LTL-as-LTLf/benchmarks/benchmarks/forobots/forobotsr1f0_GF_ra": {
      "status": true,
      "rtime": 76.72,
      "clauses": 6
    },
    "/AIJ-artifact/LTL-as-LTLf/benchmarks/benchmarks/forobots/forobotsr1f0_Gn_re": {
      "status": true,
      "rtime": 74.56,
      "clauses": 6
    },
    "/AIJ-artifact/LTL-as-LTLf/benchmarks/benchmarks/forobots/forobotsr1f0_G_l": {
      "status": true,
      "rtime": 77.88000000000001,
      "clauses": 6
    }
  }
}