{
  "preamble": {
    "program": "NuSMV-B",
    "prog_alias": "ltlfuc_bdd",
    "benchmark": "Li-et-al-AIJ2020-benchmark"
  },
  "stats": {
    "/AIJ-artifact/LTL-as-LTLf/benchmarks/benchmarks/forobots/forobotsr1f0_Gn_s1": {
      "status": false,
      "rtime": 20001,
      "clauses": 6
    },
    "/AIJ-artifact/LTL-as-LTLf/benchmarks/benchmarks/forobots/forobotsr1f0_FGn_l": {
      "status": true,
      "rtime": 0.94,
      "clauses": 6
    },
    "/AIJ-artifact/LTL-as-LTLf/benchmarks/benchmarks/forobots/forobotsr1f0_GF_h1": {
      "status": false,
      "rtime": 20001,
      "clauses": 6
    },
    "/AIJ-artifact/LTL-as-LTLf/benchmarks/benchmarks/forobots/forobotsr1f0_GF_g": {
      "status": false,
      "rtime": 20001,
      "clauses": 6
    },
    "/AIJ-artifact/LTL-as-LTLf/benchmarks/benchmarks/forobots/forobotsr1f0_FGn_mf": {
      "status": true,
      "rtime": 1.59,
      "clauses": 6
    },
    "/AIJ-artifact/LTL-as-LTLf/benchmarks/benchmarks/forobots/forobotsr1f0_G_s1": {
      "status": false,
      "rtime": 20001,
      "clauses": 6
    },
    "/AIJ-artifact/LTL-as-LTLf/benchmarks/benchmarks/forobots/forobotsr1f0_Gn_mh": {
      "status": false,
      "rtime": 20001,
      "clauses": 6
    },
    "/AIJ-artifact/LTL-as-LTLf/benchmarks/benchmarks/forobots/forobotsr1f0_G_mf": {
      "status": false,
      "rtime": 20001,
      "clauses": 6
    },
    "/AIJ-artifact/LTL-as-LTLf/benchmarks/benchmarks/forobots/forobotsr1f0_Gn_d": {
      "status": false,
      "rtime": 20001,
      "clauses": 6
    },
    "/AIJ-artifact/LTL-as-LTLf/benchmarks/benchmarks/forobots/forobotsr1f0_FGn_ra": {
      "status": true,
      "rtime": 0.84,
      "clauses": 6
    },
    "/AIJ-artifact/LTL-as-LTLf/benchmarks/benchmarks/forobots/forobotsr1f0_Gn_mf": {
      "status": false,
      "rtime": 20001,
      "clauses": 6
    },
    "/AIJ-artifact/LTL-as-LTLf/benchmarks/benchmarks/forobots/forobotsr1f0_GF_s1": {
      "status": false,
      "rtime": 20001,
      "clauses": 6
    },
    "/AIJ-artifact/LTL-as-LTLf/benchmarks/benchmarks/forobots/forobotsr1f0_G_mh": {
      "status": false,
      "rtime": 20001,
      "clauses": 6
    },
    "/AIJ-artifact/LTL-as-LTLf/benchmarks/benchmarks/forobots/forobotsr1f0_FGn_d": {
      "status": true,
      "rtime": 0.4,
      "clauses": 6
    },
    "/AIJ-artifact/LTL-as-LTLf/benchmarks/benchmarks/forobots/forobotsr1f0_F_mhandra": {
      "status": true,
      "rtime": 0.49,
      "clauses": 6
    },
    "/AIJ-artifact/LTL-as-LTLf/benchmarks/benchmarks/forobots/forobotsr1f0_FGn_mh": {
      "status": true,
      "rtime": 0.54,
      "clauses": 6
    },
    "/AIJ-artifact/LTL-as-LTLf/benchmarks/benchmarks/forobots/forobotsr1f0_Gn_ra": {
      "status": false,
      "rtime": 20001,
      "clauses": 6
    },
    "/AIJ-artifact/LTL-as-LTLf/benchmarks/benchmarks/forobots/forobotsr1f0_Gn_l": {
      "status": false,
      "rtime": 20001,
      "clauses": 6
    },
    "/AIJ-artifact/LTL-as-LTLf/benchmarks/benchmarks/forobots/forobotsr1f0_Gn_g": {
      "status": false,
      "rtime": 20001,
      "clauses": 6
    },
    "/AIJ-artifact/LTL-as-LTLf/benchmarks/benchmarks/forobots/forobotsr1f0_G_re": {
      "status": false,
      "rtime": 20001,
      "clauses": 6
    },
    "/AIJ-artifact/LTL-as-LTLf/benchmarks/benchmarks/forobots/forobotsr1f0_GF_re": {
      "status": false,
      "rtime": 20001,
      "clauses": 6
    },
    "/AIJ-artifact/LTL-as-LTLf/benchmarks/benchmarks/forobots/forobotsr1f0_GF_d": {
      "status": false,
      "rtime": 20001,
      "clauses": 6
    },
    "/AIJ-artifact/LTL-as-LTLf/benchmarks/benchmarks/forobots/forobotsr1f0_FGn_g": {
      "status": true,
      "rtime": 0.42,
      "clauses": 6
    },
    "/AIJ-artifact/LTL-as-LTLf/benchmarks/benchmarks/forobots/forobotsr1f0_G_h1": {
      "status": false,
      "rtime": 20001,
      "clauses": 6
    },
    "/AIJ-artifact/LTL-as-LTLf/benchmarks/benchmarks/forobots/forobotsr1f0_G_ra": {
      "status": false,
      "rtime": 20001,
      "clauses": 6
    },
    "/AIJ-artifact/LTL-as-LTLf/benchmarks/benchmarks/forobots/forobotsr1f0_GF_l": {
      "status": false,
      "rtime": 20001,
      "clauses": 6
    },
    "/AIJ-artifact/LTL-as-LTLf/benchmarks/benchmarks/forobots/forobotsr1f0_G_g": {
      "status": false,
      "rtime": 20001,
      "clauses": 6
    },
    "/AIJ-artifact/LTL-as-LTLf/benchmarks/benchmarks/forobots/forobotsr1f0_FGn_ff": {
      "status": true,
      "rtime": 2.49,
      "clauses": 6
    },
    "/AIJ-artifact/LTL-as-LTLf/benchmarks/benchmarks/forobots/forobotsr1f0_FGn_h1": {
      "status": true,
      "rtime": 1.69,
      "clauses": 6
    },
    "/AIJ-artifact/LTL-as-LTLf/benchmarks/benchmarks/forobots/forobotsr1f0_GF_mf": {
      "status": false,
      "rtime": 20001,
      "clauses": 6
    },
    "/AIJ-artifact/LTL-as-LTLf/benchmarks/benchmarks/forobots/forobotsr1f0_FGn_s1": {
      "status": true,
      "rtime": 3.23,
      "clauses": 6
    },
    "/AIJ-artifact/LTL-as-LTLf/benchmarks/benchmarks/forobots/forobotsr1f0_Gn_h1": {
      "status": false,
      "rtime": 20001,
      "clauses": 6
    },
    "/AIJ-artifact/LTL-as-LTLf/benchmarks/benchmarks/forobots/forobotsr1f0_FGn_re": {
      "status": true,
      "rtime": 1.08,
      "clauses": 6
    },
    "/AIJ-artifact/LTL-as-LTLf/benchmarks/benchmarks/forobots/forobotsr1f0_GF_mh": {
      "status": false,
      "rtime": 20001,
      "clauses": 6
    },
    "/AIJ-artifact/LTL-as-LTLf/benchmarks/benchmarks/forobots/forobotsr1f0_G_d": {
      "status": false,
      "rtime": 20001,
      "clauses": 6
    },
    "/AIJ-artifact/LTL-as-LTLf/benchmarks/benchmarks/forobots/forobotsr1f0_GF_ra": {
      "status": false,
      "rtime": 20001,
      "clauses": 6
    },
    "/AIJ-artifact/LTL-as-LTLf/benchmarks/benchmarks/forobots/forobotsr1f0_Gn_re": {
      "status": false,
      "rtime": 20001,
      "clauses": 6
    },
    "/AIJ-artifact/LTL-as-LTLf/benchmarks/benchmarks/forobots/forobotsr1f0_G_l": {
      "status": false,
      "rtime": 20001,
      "clauses": 6
    }
  }
}