{
  "preamble": {
    "program": "TRP++",
    "prog_alias": "trppp",
    "benchmark": "Li-et-al-AIJ2020-benchmark"
  },
  "stats": {
    "/AIJ-artifact/LTL-as-LTLf/benchmarks/benchmarks/forobots/forobotsr1f0_Gn_s1": {
      "status": false,
      "rtime": 7200,
      "clauses": 6
    },
    "/AIJ-artifact/LTL-as-LTLf/benchmarks/benchmarks/forobots/forobotsr1f0_FGn_l": {
      "status": false,
      "rtime": 7200,
      "clauses": 6
    },
    "/AIJ-artifact/LTL-as-LTLf/benchmarks/benchmarks/forobots/forobotsr1f0_GF_h1": {
      "status": false,
      "rtime": 7200,
      "clauses": 6
    },
    "/AIJ-artifact/LTL-as-LTLf/benchmarks/benchmarks/forobots/forobotsr1f0_GF_g": {
      "status": false,
      "rtime": 7200,
      "clauses": 6
    },
    "/AIJ-artifact/LTL-as-LTLf/benchmarks/benchmarks/forobots/forobotsr1f0_FGn_mf": {
      "status": false,
      "rtime": 7200,
      "clauses": 6
    },
    "/AIJ-artifact/LTL-as-LTLf/benchmarks/benchmarks/forobots/forobotsr1f0_G_s1": {
      "status": false,
      "rtime": 7200,
      "clauses": 6
    },
    "/AIJ-artifact/LTL-as-LTLf/benchmarks/benchmarks/forobots/forobotsr1f0_Gn_mh": {
      "status": false,
      "rtime": 7200,
      "clauses": 6
    },
    "/AIJ-artifact/LTL-as-LTLf/benchmarks/benchmarks/forobots/forobotsr1f0_G_mf": {
      "status": false,
      "rtime": 7200,
      "clauses": 6
    },
    "/AIJ-artifact/LTL-as-LTLf/benchmarks/benchmarks/forobots/forobotsr1f0_Gn_d": {
      "status": false,
      "rtime": 7200,
      "clauses": 6
    },
    "/AIJ-artifact/LTL-as-LTLf/benchmarks/benchmarks/forobots/forobotsr1f0_FGn_ra": {
      "status": false,
      "rtime": 7200,
      "clauses": 6
    },
    "/AIJ-artifact/LTL-as-LTLf/benchmarks/benchmarks/forobots/forobotsr1f0_Gn_mf": {
      "status": false,
      "rtime": 7200,
      "clauses": 6
    },
    "/AIJ-artifact/LTL-as-LTLf/benchmarks/benchmarks/forobots/forobotsr1f0_GF_s1": {
      "status": false,
      "rtime": 7200,
      "clauses": 6
    },
    "/AIJ-artifact/LTL-as-LTLf/benchmarks/benchmarks/forobots/forobotsr1f0_G_mh": {
      "status": false,
      "rtime": 7200,
      "clauses": 6
    },
    "/AIJ-artifact/LTL-as-LTLf/benchmarks/benchmarks/forobots/forobotsr1f0_FGn_d": {
      "status": false,
      "rtime": 7200,
      "clauses": 6
    },
    "/AIJ-artifact/LTL-as-LTLf/benchmarks/benchmarks/forobots/forobotsr1f0_F_mhandra": {
      "status": false,
      "rtime": 7200,
      "clauses": 6
    },
    "/AIJ-artifact/LTL-as-LTLf/benchmarks/benchmarks/forobots/forobotsr1f0_FGn_mh": {
      "status": false,
      "rtime": 7200,
      "clauses": 6
    },
    "/AIJ-artifact/LTL-as-LTLf/benchmarks/benchmarks/forobots/forobotsr1f0_Gn_ra": {
      "status": false,
      "rtime": 7200,
      "clauses": 6
    },
    "/AIJ-artifact/LTL-as-LTLf/benchmarks/benchmarks/forobots/forobotsr1f0_Gn_l": {
      "status": false,
      "rtime": 7200,
      "clauses": 6
    },
    "/AIJ-artifact/LTL-as-LTLf/benchmarks/benchmarks/forobots/forobotsr1f0_Gn_g": {
      "status": false,
      "rtime": 7200,
      "clauses": 6
    },
    "/AIJ-artifact/LTL-as-LTLf/benchmarks/benchmarks/forobots/forobotsr1f0_G_re": {
      "status": false,
      "rtime": 7200,
      "clauses": 6
    },
    "/AIJ-artifact/LTL-as-LTLf/benchmarks/benchmarks/forobots/forobotsr1f0_GF_re": {
      "status": false,
      "rtime": 7200,
      "clauses": 6
    },
    "/AIJ-artifact/LTL-as-LTLf/benchmarks/benchmarks/forobots/forobotsr1f0_GF_d": {
      "status": false,
      "rtime": 7200,
      "clauses": 6
    },
    "/AIJ-artifact/LTL-as-LTLf/benchmarks/benchmarks/forobots/forobotsr1f0_FGn_g": {
      "status": false,
      "rtime": 7200,
      "clauses": 6
    },
    "/AIJ-artifact/LTL-as-LTLf/benchmarks/benchmarks/forobots/forobotsr1f0_G_h1": {
      "status": false,
      "rtime": 7200,
      "clauses": 6
    },
    "/AIJ-artifact/LTL-as-LTLf/benchmarks/benchmarks/forobots/forobotsr1f0_G_ra": {
      "status": false,
      "rtime": 7200,
      "clauses": 6
    },
    "/AIJ-artifact/LTL-as-LTLf/benchmarks/benchmarks/forobots/forobotsr1f0_GF_l": {
      "status": false,
      "rtime": 7200,
      "clauses": 6
    },
    "/AIJ-artifact/LTL-as-LTLf/benchmarks/benchmarks/forobots/forobotsr1f0_G_g": {
      "status": false,
      "rtime": 7200,
      "clauses": 6
    },
    "/AIJ-artifact/LTL-as-LTLf/benchmarks/benchmarks/forobots/forobotsr1f0_FGn_ff": {
      "status": false,
      "rtime": 7200,
      "clauses": 6
    },
    "/AIJ-artifact/LTL-as-LTLf/benchmarks/benchmarks/forobots/forobotsr1f0_FGn_h1": {
      "status": false,
      "rtime": 7200,
      "clauses": 6
    },
    "/AIJ-artifact/LTL-as-LTLf/benchmarks/benchmarks/forobots/forobotsr1f0_GF_mf": {
      "status": false,
      "rtime": 7200,
      "clauses": 6
    },
    "/AIJ-artifact/LTL-as-LTLf/benchmarks/benchmarks/forobots/forobotsr1f0_FGn_s1": {
      "status": false,
      "rtime": 7200,
      "clauses": 6
    },
    "/AIJ-artifact/LTL-as-LTLf/benchmarks/benchmarks/forobots/forobotsr1f0_Gn_h1": {
      "status": false,
      "rtime": 7200,
      "clauses": 6
    },
    "/AIJ-artifact/LTL-as-LTLf/benchmarks/benchmarks/forobots/forobotsr1f0_FGn_re": {
      "status": false,
      "rtime": 7200,
      "clauses": 6
    },
    "/AIJ-artifact/LTL-as-LTLf/benchmarks/benchmarks/forobots/forobotsr1f0_GF_mh": {
      "status": false,
      "rtime": 7200,
      "clauses": 6
    },
    "/AIJ-artifact/LTL-as-LTLf/benchmarks/benchmarks/forobots/forobotsr1f0_G_d": {
      "status": false,
      "rtime": 7200,
      "clauses": 6
    },
    "/AIJ-artifact/LTL-as-LTLf/benchmarks/benchmarks/forobots/forobotsr1f0_GF_ra": {
      "status": false,
      "rtime": 7200,
      "clauses": 6
    },
    "/AIJ-artifact/LTL-as-LTLf/benchmarks/benchmarks/forobots/forobotsr1f0_Gn_re": {
      "status": false,
      "rtime": 7200,
      "clauses": 6
    },
    "/AIJ-artifact/LTL-as-LTLf/benchmarks/benchmarks/forobots/forobotsr1f0_G_l": {
      "status": false,
      "rtime": 7200,
      "clauses": 6
    }
  }
}