{
  "preamble": {
    "program": "NuSMV-B",
    "prog_alias": "ltlfuc_bdd",
    "benchmark": "Li-et-al-AIJ2020-benchmark"
  },
  "stats": {
    "/AIJ-artifact/LTL-as-LTLf/benchmarks/benchmarks/alaska/lift/lift_b/lift_b_9": {
      "status": true,
      "rtime": 48.14,
      "clauses": 22
    },
    "/AIJ-artifact/LTL-as-LTLf/benchmarks/benchmarks/alaska/lift/lift_b/lift_b_17": {
      "status": true,
      "rtime": 3308.03,
      "clauses": 31
    },
    "/AIJ-artifact/LTL-as-LTLf/benchmarks/benchmarks/alaska/lift/lift_b/lift_b_16": {
      "status": true,
      "rtime": 865.68,
      "clauses": 29
    },
    "/AIJ-artifact/LTL-as-LTLf/benchmarks/benchmarks/alaska/lift/lift_b/lift_b_7": {
      "status": true,
      "rtime": 8.59,
      "clauses": 19
    },
    "/AIJ-artifact/LTL-as-LTLf/benchmarks/benchmarks/alaska/lift/lift_b/lift_b_13": {
      "status": true,
      "rtime": 407.44,
      "clauses": 26
    },
    "/AIJ-artifact/LTL-as-LTLf/benchmarks/benchmarks/alaska/lift/lift_b/lift_b_2": {
      "status": true,
      "rtime": 0.09,
      "clauses": 12
    },
    "/AIJ-artifact/LTL-as-LTLf/benchmarks/benchmarks/alaska/lift/lift_b/lift_b_10": {
      "status": true,
      "rtime": 34.75,
      "clauses": 23
    },
    "/AIJ-artifact/LTL-as-LTLf/benchmarks/benchmarks/alaska/lift/lift_b/lift_b_15": {
      "status": true,
      "rtime": 1978.08,
      "clauses": 28
    },
    "/AIJ-artifact/LTL-as-LTLf/benchmarks/benchmarks/alaska/lift/lift_b/lift_b_18": {
      "status": true,
      "rtime": 2574.44,
      "clauses": 32
    },
    "/AIJ-artifact/LTL-as-LTLf/benchmarks/benchmarks/alaska/lift/lift_b/lift_b_3": {
      "status": true,
      "rtime": 0.56,
      "clauses": 14
    },
    "/AIJ-artifact/LTL-as-LTLf/benchmarks/benchmarks/alaska/lift/lift_b/lift_b_12": {
      "status": true,
      "rtime": 316.05,
      "clauses": 25
    },
    "/AIJ-artifact/LTL-as-LTLf/benchmarks/benchmarks/alaska/lift/lift_b/lift_b_8": {
      "status": true,
      "rtime": 17.4,
      "clauses": 20
    },
    "/AIJ-artifact/LTL-as-LTLf/benchmarks/benchmarks/alaska/lift/lift_b/lift_b_6": {
      "status": true,
      "rtime": 5.16,
      "clauses": 18
    },
    "/AIJ-artifact/LTL-as-LTLf/benchmarks/benchmarks/alaska/lift/lift_b/lift_b_5": {
      "status": true,
      "rtime": 2.82,
      "clauses": 17
    },
    "/AIJ-artifact/LTL-as-LTLf/benchmarks/benchmarks/alaska/lift/lift_b/lift_b_11": {
      "status": true,
      "rtime": 52.36,
      "clauses": 24
    },
    "/AIJ-artifact/LTL-as-LTLf/benchmarks/benchmarks/alaska/lift/lift_b/lift_b_4": {
      "status": true,
      "rtime": 0.76,
      "clauses": 15
    },
    "/AIJ-artifact/LTL-as-LTLf/benchmarks/benchmarks/alaska/lift/lift_b/lift_b_14": {
      "status": true,
      "rtime": 862.99,
      "clauses": 27
    }
  }
}