{
  "preamble": {
    "program": "Virtual best",
    "prog_alias": "v_best",
    "benchmark": "Li-et-al-AIJ2020-benchmark"
  },
  "stats": {
    "/AIJ-artifact/LTL-as-LTLf/benchmarks/benchmarks/acacia/demo-v3/demo-v3_cl/demo-v3_cl_3": {
      "status": true,
      "rtime": 0.008012,
      "clauses": 13
    },
    "/AIJ-artifact/LTL-as-LTLf/benchmarks/benchmarks/acacia/demo-v3/demo-v3_cl/demo-v3_cl_5": {
      "status": true,
      "rtime": 0.007879,
      "clauses": 21
    },
    "/AIJ-artifact/LTL-as-LTLf/benchmarks/benchmarks/acacia/demo-v3/demo-v3_cl/demo-v3_cl_7": {
      "status": true,
      "rtime": 0.007531,
      "clauses": 29
    },
    "/AIJ-artifact/LTL-as-LTLf/benchmarks/benchmarks/acacia/demo-v3/demo-v3_cl/demo-v3_cl_6": {
      "status": true,
      "rtime": 0.012444,
      "clauses": 25
    },
    "/AIJ-artifact/LTL-as-LTLf/benchmarks/benchmarks/acacia/demo-v3/demo-v3_cl/demo-v3_cl_8": {
      "status": true,
      "rtime": 0.011736,
      "clauses": 33
    },
    "/AIJ-artifact/LTL-as-LTLf/benchmarks/benchmarks/acacia/demo-v3/demo-v3_cl/demo-v3_cl_2": {
      "status": true,
      "rtime": 0.001733,
      "clauses": 9
    },
    "/AIJ-artifact/LTL-as-LTLf/benchmarks/benchmarks/acacia/demo-v3/demo-v3_cl/demo-v3_cl_11": {
      "status": true,
      "rtime": 0.0132,
      "clauses": 45
    },
    "/AIJ-artifact/LTL-as-LTLf/benchmarks/benchmarks/acacia/demo-v3/demo-v3_cl/demo-v3_cl_12": {
      "status": true,
      "rtime": 0.011329,
      "clauses": 49
    },
    "/AIJ-artifact/LTL-as-LTLf/benchmarks/benchmarks/acacia/demo-v3/demo-v3_cl/demo-v3_cl_9": {
      "status": true,
      "rtime": 0.015174,
      "clauses": 37
    },
    "/AIJ-artifact/LTL-as-LTLf/benchmarks/benchmarks/acacia/demo-v3/demo-v3_cl/demo-v3_cl_10": {
      "status": true,
      "rtime": 0.0096,
      "clauses": 41
    },
    "/AIJ-artifact/LTL-as-LTLf/benchmarks/benchmarks/acacia/demo-v3/demo-v3_cl/demo-v3_cl_4": {
      "status": true,
      "rtime": 0.006215,
      "clauses": 17
    }
  }
}