{
  "preamble": {
    "program": "NuSMV-S",
    "prog_alias": "ltlfuc_sat",
    "benchmark": "Li-et-al-AIJ2020-benchmark"
  },
  "stats": {
    "/AIJ-artifact/LTL-as-LTLf/benchmarks/benchmarks/rozier/counter/counter/counter5": {
      "status": true,
      "rtime": 4.04,
      "clauses": 9
    },
    "/AIJ-artifact/LTL-as-LTLf/benchmarks/benchmarks/rozier/counter/counter/counter3": {
      "status": true,
      "rtime": 3.38,
      "clauses": 7
    },
    "/AIJ-artifact/LTL-as-LTLf/benchmarks/benchmarks/rozier/counter/counter/counter2": {
      "status": true,
      "rtime": 0.23,
      "clauses": 6
    },
    "/AIJ-artifact/LTL-as-LTLf/benchmarks/benchmarks/rozier/counter/counter/counter4": {
      "status": true,
      "rtime": 3.49,
      "clauses": 8
    },
    "/AIJ-artifact/LTL-as-LTLf/benchmarks/benchmarks/rozier/counter/counter/counter14": {
      "status": true,
      "rtime": 7.42,
      "clauses": 18
    },
    "/AIJ-artifact/LTL-as-LTLf/benchmarks/benchmarks/rozier/counter/counter/counter8": {
      "status": true,
      "rtime": 5.08,
      "clauses": 12
    },
    "/AIJ-artifact/LTL-as-LTLf/benchmarks/benchmarks/rozier/counter/counter/counter17": {
      "status": true,
      "rtime": 9.11,
      "clauses": 21
    },
    "/AIJ-artifact/LTL-as-LTLf/benchmarks/benchmarks/rozier/counter/counter/counter10": {
      "status": true,
      "rtime": 5.85,
      "clauses": 14
    },
    "/AIJ-artifact/LTL-as-LTLf/benchmarks/benchmarks/rozier/counter/counter/counter20": {
      "status": true,
      "rtime": 10.13,
      "clauses": 24
    },
    "/AIJ-artifact/LTL-as-LTLf/benchmarks/benchmarks/rozier/counter/counter/counter11": {
      "status": true,
      "rtime": 6.28,
      "clauses": 15
    },
    "/AIJ-artifact/LTL-as-LTLf/benchmarks/benchmarks/rozier/counter/counter/counter9": {
      "status": true,
      "rtime": 5.74,
      "clauses": 13
    },
    "/AIJ-artifact/LTL-as-LTLf/benchmarks/benchmarks/rozier/counter/counter/counter19": {
      "status": true,
      "rtime": 9.67,
      "clauses": 23
    },
    "/AIJ-artifact/LTL-as-LTLf/benchmarks/benchmarks/rozier/counter/counter/counter6": {
      "status": true,
      "rtime": 4.31,
      "clauses": 10
    },
    "/AIJ-artifact/LTL-as-LTLf/benchmarks/benchmarks/rozier/counter/counter/counter12": {
      "status": true,
      "rtime": 6.6,
      "clauses": 16
    },
    "/AIJ-artifact/LTL-as-LTLf/benchmarks/benchmarks/rozier/counter/counter/counter15": {
      "status": true,
      "rtime": 7.95,
      "clauses": 19
    },
    "/AIJ-artifact/LTL-as-LTLf/benchmarks/benchmarks/rozier/counter/counter/counter18": {
      "status": true,
      "rtime": 9.23,
      "clauses": 22
    },
    "/AIJ-artifact/LTL-as-LTLf/benchmarks/benchmarks/rozier/counter/counter/counter7": {
      "status": true,
      "rtime": 4.71,
      "clauses": 11
    },
    "/AIJ-artifact/LTL-as-LTLf/benchmarks/benchmarks/rozier/counter/counter/counter13": {
      "status": true,
      "rtime": 7.27,
      "clauses": 17
    },
    "/AIJ-artifact/LTL-as-LTLf/benchmarks/benchmarks/rozier/counter/counter/counter16": {
      "status": true,
      "rtime": 8.29,
      "clauses": 20
    }
  }
}