{
  "preamble": {
    "program": "TRP++",
    "prog_alias": "trppp",
    "benchmark": "Li-et-al-AIJ2020-benchmark"
  },
  "stats": {
    "/AIJ-artifact/LTL-as-LTLf/benchmarks/benchmarks/schuppan/phltl/phltl_20_19": {
      "status": false,
      "rtime": 20001,
      "clauses": 41
    },
    "/AIJ-artifact/LTL-as-LTLf/benchmarks/benchmarks/schuppan/phltl/phltl_40_39": {
      "status": false,
      "rtime": 20001,
      "clauses": 81
    },
    "/AIJ-artifact/LTL-as-LTLf/benchmarks/benchmarks/schuppan/phltl/phltl_9_8": {
      "status": false,
      "rtime": 20001,
      "clauses": 19
    },
    "/AIJ-artifact/LTL-as-LTLf/benchmarks/benchmarks/schuppan/phltl/phltl_4_3": {
      "status": true,
      "rtime": 135.565,
      "clauses": 9
    },
    "/AIJ-artifact/LTL-as-LTLf/benchmarks/benchmarks/schuppan/phltl/phltl_3_2": {
      "status": true,
      "rtime": 0.267,
      "clauses": 7
    },
    "/AIJ-artifact/LTL-as-LTLf/benchmarks/benchmarks/schuppan/phltl/phltl_7_6": {
      "status": false,
      "rtime": 20001,
      "clauses": 15
    },
    "/AIJ-artifact/LTL-as-LTLf/benchmarks/benchmarks/schuppan/phltl/phltl_2_1": {
      "status": true,
      "rtime": 0.018,
      "clauses": 5
    },
    "/AIJ-artifact/LTL-as-LTLf/benchmarks/benchmarks/schuppan/phltl/phltl_30_29": {
      "status": false,
      "rtime": 20001,
      "clauses": 61
    },
    "/AIJ-artifact/LTL-as-LTLf/benchmarks/benchmarks/schuppan/phltl/phltl_5_4": {
      "status": false,
      "rtime": 20001,
      "clauses": 11
    },
    "/AIJ-artifact/LTL-as-LTLf/benchmarks/benchmarks/schuppan/phltl/phltl_8_7": {
      "status": false,
      "rtime": 20001,
      "clauses": 17
    },
    "/AIJ-artifact/LTL-as-LTLf/benchmarks/benchmarks/schuppan/phltl/phltl_6_5": {
      "status": false,
      "rtime": 20001,
      "clauses": 13
    },
    "/AIJ-artifact/LTL-as-LTLf/benchmarks/benchmarks/schuppan/phltl/phltl_10_9": {
      "status": false,
      "rtime": 20001,
      "clauses": 21
    },
    "/AIJ-artifact/LTL-as-LTLf/benchmarks/benchmarks/schuppan/phltl/phltl_50_49": {
      "status": false,
      "rtime": 20001,
      "clauses": 101
    }
  }
}