{
  "preamble": {
    "program": "NuSMV-S",
    "prog_alias": "ltlfuc_sat",
    "benchmark": "Li-et-al-AIJ2020-benchmark"
  },
  "stats": {
    "/AIJ-artifact/LTL-as-LTLf/benchmarks/benchmarks/schuppan/phltl/phltl_20_19": {
      "status": true,
      "rtime": 63.1,
      "clauses": 41
    },
    "/AIJ-artifact/LTL-as-LTLf/benchmarks/benchmarks/schuppan/phltl/phltl_40_39": {
      "status": true,
      "rtime": 67.09,
      "clauses": 81
    },
    "/AIJ-artifact/LTL-as-LTLf/benchmarks/benchmarks/schuppan/phltl/phltl_9_8": {
      "status": true,
      "rtime": 69.0,
      "clauses": 19
    },
    "/AIJ-artifact/LTL-as-LTLf/benchmarks/benchmarks/schuppan/phltl/phltl_4_3": {
      "status": true,
      "rtime": 76.19000000000001,
      "clauses": 9
    },
    "/AIJ-artifact/LTL-as-LTLf/benchmarks/benchmarks/schuppan/phltl/phltl_3_2": {
      "status": true,
      "rtime": 78.13000000000001,
      "clauses": 7
    },
    "/AIJ-artifact/LTL-as-LTLf/benchmarks/benchmarks/schuppan/phltl/phltl_7_6": {
      "status": true,
      "rtime": 73.63000000000001,
      "clauses": 15
    },
    "/AIJ-artifact/LTL-as-LTLf/benchmarks/benchmarks/schuppan/phltl/phltl_2_1": {
      "status": true,
      "rtime": 66.54,
      "clauses": 5
    },
    "/AIJ-artifact/LTL-as-LTLf/benchmarks/benchmarks/schuppan/phltl/phltl_30_29": {
      "status": true,
      "rtime": 67.86,
      "clauses": 61
    },
    "/AIJ-artifact/LTL-as-LTLf/benchmarks/benchmarks/schuppan/phltl/phltl_5_4": {
      "status": true,
      "rtime": 77.11,
      "clauses": 11
    },
    "/AIJ-artifact/LTL-as-LTLf/benchmarks/benchmarks/schuppan/phltl/phltl_8_7": {
      "status": true,
      "rtime": 79.67,
      "clauses": 17
    },
    "/AIJ-artifact/LTL-as-LTLf/benchmarks/benchmarks/schuppan/phltl/phltl_6_5": {
      "status": true,
      "rtime": 71.13000000000001,
      "clauses": 13
    },
    "/AIJ-artifact/LTL-as-LTLf/benchmarks/benchmarks/schuppan/phltl/phltl_10_9": {
      "status": true,
      "rtime": 68.98,
      "clauses": 21
    },
    "/AIJ-artifact/LTL-as-LTLf/benchmarks/benchmarks/schuppan/phltl/phltl_50_49": {
      "status": true,
      "rtime": 73.48,
      "clauses": 101
    }
  }
}