{
  "preamble": {
    "program": "Virtual best",
    "prog_alias": "v_best",
    "benchmark": "Li-et-al-AIJ2020-benchmark"
  },
  "stats": {
    "/AIJ-artifact/LTL-as-LTLf/benchmarks/benchmarks/rozier/formulas/n4/P0.7/L50/P0.7N4L50_9": {
      "status": true,
      "rtime": 0.00058,
      "clauses": 1
    },
    "/AIJ-artifact/LTL-as-LTLf/benchmarks/benchmarks/rozier/formulas/n2/P0.3/L60/P0.333333333333333N2L60_4": {
      "status": true,
      "rtime": 0.000617,
      "clauses": 1
    },
    "/AIJ-artifact/LTL-as-LTLf/benchmarks/benchmarks/rozier/formulas/n2/P0.5/L20/P0.5N2L20_2.negated": {
      "status": true,
      "rtime": 0.000431,
      "clauses": 1
    },
    "/AIJ-artifact/LTL-as-LTLf/benchmarks/benchmarks/rozier/formulas/n2/P0.3/L10/P0.333333333333333N2L10_6": {
      "status": true,
      "rtime": 0.000603,
      "clauses": 4
    },
    "/AIJ-artifact/LTL-as-LTLf/benchmarks/benchmarks/rozier/formulas/n3/P0.5/L100/P0.5N3L100_4.negated": {
      "status": true,
      "rtime": 0.000772,
      "clauses": 1
    },
    "/AIJ-artifact/LTL-as-LTLf/benchmarks/benchmarks/rozier/formulas/n3/P0.5/L60/P0.5N3L60_4.negated": {
      "status": true,
      "rtime": 0.000624,
      "clauses": 1
    },
    "/AIJ-artifact/LTL-as-LTLf/benchmarks/benchmarks/rozier/formulas/n2/P0.5/L60/P0.5N2L60_6.negated": {
      "status": true,
      "rtime": 0.000526,
      "clauses": 1
    },
    "/AIJ-artifact/LTL-as-LTLf/benchmarks/benchmarks/rozier/formulas/n2/P0.3/L100/P0.333333333333333N2L100_5.negated": {
      "status": true,
      "rtime": 0.000734,
      "clauses": 1
    },
    "/AIJ-artifact/LTL-as-LTLf/benchmarks/benchmarks/rozier/formulas/n2/P0.7/L80/P0.7N2L80_7.negated": {
      "status": true,
      "rtime": 0.000816,
      "clauses": 1
    },
    "/AIJ-artifact/LTL-as-LTLf/benchmarks/benchmarks/rozier/formulas/n5/P0.5/L40/P0.5N5L40_7.negated": {
      "status": true,
      "rtime": 0.00054,
      "clauses": 1
    },
    "/AIJ-artifact/LTL-as-LTLf/benchmarks/benchmarks/rozier/formulas/n3/P0.5/L10/P0.5N3L10_10": {
      "status": true,
      "rtime": 0.000378,
      "clauses": 1
    },
    "/AIJ-artifact/LTL-as-LTLf/benchmarks/benchmarks/rozier/formulas/n2/P0.3/L80/P0.333333333333333N2L80_3": {
      "status": true,
      "rtime": 0.000707,
      "clauses": 1
    },
    "/AIJ-artifact/LTL-as-LTLf/benchmarks/benchmarks/rozier/formulas/n2/P0.5/L70/P0.5N2L70_1.negated": {
      "status": true,
      "rtime": 0.000691,
      "clauses": 1
    },
    "/AIJ-artifact/LTL-as-LTLf/benchmarks/benchmarks/rozier/formulas/n3/P0.5/L80/P0.5N3L80_7": {
      "status": true,
      "rtime": 0.001162,
      "clauses": 4
    },
    "/AIJ-artifact/LTL-as-LTLf/benchmarks/benchmarks/rozier/formulas/n4/P0.3/L70/P0.333333333333333N4L70_10.negated": {
      "status": true,
      "rtime": 0.000402,
      "clauses": 1
    },
    "/AIJ-artifact/LTL-as-LTLf/benchmarks/benchmarks/rozier/formulas/n4/P0.3/L10/P0.333333333333333N4L10_8": {
      "status": true,
      "rtime": 0.000438,
      "clauses": 2
    },
    "/AIJ-artifact/LTL-as-LTLf/benchmarks/benchmarks/rozier/formulas/n5/P0.5/L40/P0.5N5L40_6.negated": {
      "status": true,
      "rtime": 0.000512,
      "clauses": 1
    },
    "/AIJ-artifact/LTL-as-LTLf/benchmarks/benchmarks/rozier/formulas/n4/P0.7/L100/P0.7N4L100_9": {
      "status": true,
      "rtime": 0.000409,
      "clauses": 1
    },
    "/AIJ-artifact/LTL-as-LTLf/benchmarks/benchmarks/rozier/formulas/n2/P0.3/L60/P0.333333333333333N2L60_3": {
      "status": true,
      "rtime": 0.000586,
      "clauses": 1
    },
    "/AIJ-artifact/LTL-as-LTLf/benchmarks/benchmarks/rozier/formulas/n5/P0.7/L60/P0.7N5L60_1": {
      "status": true,
      "rtime": 0.000967,
      "clauses": 2
    },
    "/AIJ-artifact/LTL-as-LTLf/benchmarks/benchmarks/rozier/formulas/n2/P0.3/L70/P0.333333333333333N2L70_3": {
      "status": true,
      "rtime": 0.000655,
      "clauses": 1
    },
    "/AIJ-artifact/LTL-as-LTLf/benchmarks/benchmarks/rozier/formulas/n4/P0.3/L90/P0.333333333333333N4L90_10": {
      "status": true,
      "rtime": 0.000697,
      "clauses": 1
    },
    "/AIJ-artifact/LTL-as-LTLf/benchmarks/benchmarks/rozier/formulas/n4/P0.5/L20/P0.5N4L20_8": {
      "status": true,
      "rtime": 0.000461,
      "clauses": 3
    },
    "/AIJ-artifact/LTL-as-LTLf/benchmarks/benchmarks/rozier/formulas/n2/P0.5/L100/P0.5N2L100_4": {
      "status": true,
      "rtime": 0.00079,
      "clauses": 1
    },
    "/AIJ-artifact/LTL-as-LTLf/benchmarks/benchmarks/rozier/formulas/n3/P0.7/L100/P0.7N3L100_5.negated": {
      "status": true,
      "rtime": 0.000781,
      "clauses": 1
    },
    "/AIJ-artifact/LTL-as-LTLf/benchmarks/benchmarks/rozier/formulas/n3/P0.3/L50/P0.333333333333333N3L50_2": {
      "status": true,
      "rtime": 0.000522,
      "clauses": 1
    },
    "/AIJ-artifact/LTL-as-LTLf/benchmarks/benchmarks/rozier/formulas/n3/P0.3/L50/P0.333333333333333N3L50_7": {
      "status": true,
      "rtime": 0.001238,
      "clauses": 1
    },
    "/AIJ-artifact/LTL-as-LTLf/benchmarks/benchmarks/rozier/formulas/n3/P0.5/L30/P0.5N3L30_8.negated": {
      "status": true,
      "rtime": 0.00042,
      "clauses": 1
    },
    "/AIJ-artifact/LTL-as-LTLf/benchmarks/benchmarks/rozier/formulas/n2/P0.5/L40/P0.5N2L40_8.negated": {
      "status": true,
      "rtime": 0.000823,
      "clauses": 1
    },
    "/AIJ-artifact/LTL-as-LTLf/benchmarks/benchmarks/rozier/formulas/n3/P0.3/L80/P0.333333333333333N3L80_5.negated": {
      "status": true,
      "rtime": 0.000765,
      "clauses": 1
    }
  }
}